Date,Evaporation,Volume,V2,SurfaceArea,EvapVol,C2 (wt%)
2024-01-01,5.3144603,399030100.0,399030099.95216984,9,0.0478301427,26.300000003152476
2024-01-02,10.366358,399030100.0,399030099.90670276,9,0.093297222,26.300000006149205
2024-01-03,15.096996,399030100.0,399030099.86412704,9,0.13587296399999998,26.30000000895536
2024-01-04,19.745722,399030100.0,399030099.8222885,9,0.177711498,26.300000011712932
2024-01-05,24.292686,399030100.0,399030099.7813658,9,0.21863417400000001,26.300000014410138
2024-01-06,29.190449,399030100.0,399030099.737286,9,0.262714041,26.300000017315433
2024-01-07,34.117332,399030100.0,399030099.692944,9,0.30705598799999995,26.300000020238006
2024-01-08,39.119812,399030100.0,399030099.6479217,9,0.35207830800000006,26.300000023205417
2024-01-09,44.254066,399030100.0,399030099.6017134,9,0.39828659400000005,26.300000026250995
2024-01-10,49.422127,399030100.0,399030099.5552009,9,0.444799143,26.300000029316628
2024-01-11,54.537045,399030100.0,399030099.5091666,9,0.49083340499999994,26.300000032350738
2024-01-12,59.582798,399030100.0,399030099.46375483,9,0.536245182,26.30000003534382
2024-01-13,64.67916,399030100.0,399030099.41788757,9,0.58211244,26.30000003836692
2024-01-14,69.86462,399030100.0,399030099.37121844,9,0.6287815800000001,26.300000041442875
2024-01-15,74.98198,399030100.0,399030099.3251622,9,0.6748378199999999,26.300000044478438
2024-01-16,80.100174,399030100.0,399030099.27909845,9,0.720901566,26.300000047514487
2024-01-17,85.17303,399030100.0,399030099.2334427,9,0.7665572700000001,26.30000005052365
2024-01-18,90.28685,399030100.0,399030099.18741834,9,0.8125816499999999,26.300000053557106
2024-01-19,95.45636,399030100.0,399030099.14089274,9,0.85910724,26.3000000566236
2024-01-20,100.55974,399030100.0,399030099.09496236,9,0.9050376600000001,26.300000059650863
2024-01-21,105.67758,399030100.0,399030099.0489018,9,0.9510982200000001,26.300000062686706
2024-01-22,110.88602,399030100.0,399030099.00202584,9,0.99797418,26.300000065776292
2024-01-23,116.08718,399030100.0,399030098.9552154,9,1.0447846200000002,26.30000006886156
2024-01-24,121.25734,399030100.0,399030098.90868396,9,1.09131606,26.300000071928437
2024-01-25,126.36261,399030100.0,399030098.8627365,9,1.13726349,26.300000074956824
2024-01-26,131.48616,399030100.0,399030098.8166246,9,1.18337544,26.300000077996057
2024-01-27,136.82013,399030100.0,399030098.7686188,9,1.2313811700000001,26.300000081160107
2024-01-28,142.16925,399030100.0,399030098.72047675,9,1.27952325,26.300000084333142
2024-01-29,147.31827,399030100.0,399030098.67413557,9,1.32586443,26.30000008738748
2024-01-30,152.36557,399030100.0,399030098.62870985,9,1.3712901299999998,26.30000009038148
2024-01-31,157.41222,399030100.0,399030098.58329004,9,1.4167099799999998,26.30000009337509
2024-02-01,162.75038,399030100.0,399030098.53524655,9,1.46475342,26.30000009654163
2024-02-02,168.45053,399030100.0,399030098.48394525,9,1.51605477,26.300000099922887
2024-02-03,174.2174,399030100.0,399030098.4320434,9,1.5679566,26.30000010334373
2024-02-04,179.97618,399030100.0,399030098.3802144,9,1.61978562,26.30000010675977
2024-02-05,185.75133,399030100.0,399030098.328238,9,1.67176197,26.300000110185522
2024-02-06,191.67775,399030100.0,399030098.27490026,9,1.72509975,26.300000113701007
2024-02-07,197.60179,399030100.0,399030098.2215839,9,1.77841611,26.300000117215077
2024-02-08,203.53317,399030100.0,399030098.16820145,9,1.83179853,26.300000120733504
2024-02-09,209.49934,399030100.0,399030098.11450595,9,1.88549406,26.300000124272565
2024-02-10,215.48361,399030100.0,399030098.0606475,9,1.93935249,26.300000127822365
2024-02-11,221.49304,399030100.0,399030098.00656265,9,1.9934373600000002,26.300000131387087
2024-02-12,227.44006,399030100.0,399030097.95303947,9,2.0469605399999997,26.30000013491479
2024-02-13,233.48376,399030100.0,399030097.8986462,9,2.10135384,26.300000138499843
2024-02-14,239.67137,399030100.0,399030097.8429577,9,2.15704233,26.300000142170262
2024-02-15,245.86565,399030100.0,399030097.78720915,9,2.2127908499999998,26.300000145844635
2024-02-16,252.07225,399030100.0,399030097.73134977,9,2.2686502500000003,26.30000014952632
2024-02-17,258.33978,399030100.0,399030097.67494196,9,2.3250580200000006,26.300000153244145
2024-02-18,264.70834,399030100.0,399030097.61762494,9,2.38237506,26.3000001570219
2024-02-19,271.30988,399030100.0,399030097.5582111,9,2.44178892,26.300000160937856
2024-02-20,277.8901,399030100.0,399030097.4989891,9,2.5010109000000003,26.300000164841165
2024-02-21,284.46844,399030100.0,399030097.43978405,9,2.56021596,26.30000016874336
2024-02-22,291.0846,399030100.0,399030097.3802386,9,2.6197614000000002,26.30000017266799
2024-02-23,297.6972,399030100.0,399030097.3207252,9,2.6792748,26.30000017659051
2024-02-24,304.28766,399030100.0,399030097.2614111,9,2.73858894,26.30000018049989
2024-02-25,310.89304,399030100.0,399030097.20196265,9,2.79803736,26.300000184418124
2024-02-26,317.5449,399030100.0,399030097.1420959,9,2.8579041,26.30000018836393
2024-02-27,324.3383,399030100.0,399030097.0809553,9,2.9190446999999997,26.300000192393696
2024-02-28,331.20645,399030100.0,399030097.019142,9,2.98085805,26.300000196467803
2024-02-29,338.13794,399030100.0,399030096.95675856,9,3.0432414600000004,26.300000200579483
2024-03-01,345.3312,399030100.0,399030096.8920192,9,3.1079808000000004,26.30000020484644
2024-03-02,352.55173,399030100.0,399030096.8270344,9,3.17296557,26.300000209129575
2024-03-03,359.70346,399030100.0,399030096.76266885,9,3.23733114,26.3000002133719
2024-03-04,366.84143,399030100.0,399030096.69842714,9,3.3015728699999998,26.30000021760606
2024-03-05,374.11444,399030100.0,399030096.63297004,9,3.36702996,26.300000221920325
2024-03-06,381.34705,399030100.0,399030096.5678766,9,3.43212345,26.30000022621062
2024-03-07,388.71304,399030100.0,399030096.5015826,9,3.49841736,26.300000230580043
2024-03-08,396.15906,399030100.0,399030096.43456846,9,3.56543154,26.300000234996933
2024-03-09,403.60876,399030100.0,399030096.36752117,9,3.63247884,26.300000239416008
2024-03-10,411.1848,399030100.0,399030096.2993368,9,3.7006632,26.30000024391003
2024-03-11,418.6622,399030100.0,399030096.2320402,9,3.7679597999999994,26.300000248345533
2024-03-12,426.4052,399030100.0,399030096.1623532,9,3.8376468,26.30000025293859
2024-03-13,434.31207,399030100.0,399030096.09119135,9,3.90880863,26.300000257628856
2024-03-14,442.30026,399030100.0,399030096.01929766,9,3.9807023399999997,26.300000262367355
2024-03-15,450.29785,399030100.0,399030095.9473193,9,4.05268065,26.300000267111436
2024-03-16,458.34644,399030100.0,399030095.87488204,9,4.12511796,26.300000271885764
2024-03-17,466.41507,399030100.0,399030095.8022644,9,4.19773563,26.30000027667198
2024-03-18,474.54782,399030100.0,399030095.7290696,9,4.270930379999999,26.300000281496235
2024-03-19,482.7493,399030100.0,399030095.6552563,9,4.3447437,26.300000286361257
2024-03-20,490.87448,399030100.0,399030095.58212966,9,4.41787032,26.300000291181018
2024-03-21,498.98114,399030100.0,399030095.50916976,9,4.49083026,26.300000295989793
2024-03-22,507.14124,399030100.0,399030095.43572885,9,4.5642711600000005,26.30000030083027
2024-03-23,515.256,399030100.0,399030095.362696,9,4.637304,26.300000305643852
2024-03-24,523.36084,399030100.0,399030095.2897524,9,4.710247560000001,26.300000310451548
2024-03-25,531.60315,399030100.0,399030095.21557164,9,4.78442835,26.300000315340792
2024-03-26,540.0945,399030100.0,399030095.1391495,9,4.860850500000001,26.300000320377762
2024-03-27,548.7497,399030100.0,399030095.0612527,9,4.9387473,26.300000325511924
2024-03-28,557.3251,399030100.0,399030094.9840741,9,5.0159259,26.30000033059875
2024-03-29,565.72864,399030100.0,399030094.90844226,9,5.091557760000001,26.300000335583633
2024-03-30,573.9824,399030100.0,399030094.8341584,9,5.165841599999999,26.300000340479667
2024-03-31,582.5889,399030100.0,399030094.7566999,9,5.2433001,26.30000034558494
2024-04-01,591.3595,399030100.0,399030094.6777645,9,5.322235500000001,26.300000350787563
2024-04-02,600.11884,399030100.0,399030094.5989304,9,5.40106956,26.3000003559835
2024-04-03,608.9495,399030100.0,399030094.5194545,9,5.480545499999999,26.300000361221745
2024-04-04,617.8237,399030100.0,399030094.4395867,9,5.5604133000000004,26.300000366485815
2024-04-05,626.74536,399030100.0,399030094.35929173,9,5.64070824,26.300000371778044
2024-04-06,635.6731,399030100.0,399030094.2789421,9,5.7210579,26.30000037707387
2024-04-07,644.62286,399030100.0,399030094.19839424,9,5.801605739999999,26.300000382382766
2024-04-08,653.5672,399030100.0,399030094.1178952,9,5.8821048,26.300000387688446
2024-04-09,662.5107,399030100.0,399030094.0374037,9,5.9625963,26.300000392993624
2024-04-10,671.5058,399030100.0,399030093.9564478,9,6.0435522,26.300000398329413
2024-04-11,680.53595,399030100.0,399030093.8751764,9,6.1248235499999995,26.300000403685992
2024-04-12,689.6378,399030100.0,399030093.7932598,9,6.2067402000000005,26.300000409085104
2024-04-13,698.7989,399030100.0,399030093.7108099,9,6.2891901,26.300000414519364
2024-04-14,707.9276,399030100.0,399030093.6286516,9,6.3713484,26.3000004199344
2024-04-15,717.0088,399030100.0,399030093.5469208,9,6.4530791999999995,26.300000425321265
2024-04-16,726.08673,399030100.0,399030093.46521944,9,6.53478057,26.300000430706184
2024-04-17,735.1613,399030100.0,399030093.3835483,9,6.6164517,26.300000436089114
2024-04-18,744.29236,399030100.0,399030093.3013688,9,6.698631240000001,26.300000441505553
2024-04-19,753.47345,399030100.0,399030093.218739,9,6.7812610499999995,26.300000446951667
2024-04-20,762.65155,399030100.0,399030093.13613605,9,6.863863950000001,26.30000045239601
2024-04-21,771.81647,399030100.0,399030093.05365175,9,6.94634823,26.300000457832535
2024-04-22,781.0405,399030100.0,399030092.9706355,9,7.0293645,26.300000463304123
2024-04-23,790.2544,399030100.0,399030092.8877104,9,7.1122896,26.3000004687697
2024-04-24,799.47925,399030100.0,399030092.8046867,9,7.19531325,26.300000474241774
2024-04-25,808.71466,399030100.0,399030092.72156805,9,7.278431939999999,26.30000047972011
2024-04-26,817.9735,399030100.0,399030092.6382385,9,7.361761499999999,26.300000485212347
2024-04-27,827.29047,399030100.0,399030092.5543858,9,7.44561423,26.300000490739063
2024-04-28,836.6109,399030100.0,399030092.4705019,9,7.5294981,26.300000496267835
2024-04-29,845.87225,399030100.0,399030092.38714975,9,7.61285025,26.30000050176156
2024-04-30,855.3658,399030100.0,399030092.3017078,9,7.6982922,26.300000507393023
2024-05-01,864.8551,399030100.0,399030092.2163041,9,7.7836959,26.300000513021963
2024-05-02,874.1806,399030100.0,399030092.1323746,9,7.8676254,26.300000518553745
2024-05-03,883.4804,399030100.0,399030092.0486764,9,7.9513236,26.300000524070278
2024-05-04,892.7672,399030100.0,399030091.9650952,9,8.0349048,26.300000529579098
2024-05-05,902.079,399030100.0,399030091.881289,9,8.118711,26.30000053510275
2024-05-06,911.38586,399030100.0,399030091.79752725,9,8.20247274,26.300000540623472
2024-05-07,920.71277,399030100.0,399030091.7135851,9,8.28641493,26.300000546156085
2024-05-08,930.02905,399030100.0,399030091.62973857,9,8.37026145,26.30000055168239
2024-05-09,939.3432,399030100.0,399030091.5459112,9,8.4540888,26.30000055720744
2024-05-10,948.68726,399030100.0,399030091.46181464,9,8.53818534,26.300000562750228
2024-05-11,958.0205,399030100.0,399030091.3778155,9,8.6221845,26.300000568286595
2024-05-12,967.3779,399030100.0,399030091.2935989,9,8.706401099999999,26.3000005738373
2024-05-13,976.7935,399030100.0,399030091.2088585,9,8.7911415,26.300000579422523
2024-05-14,986.193,399030100.0,399030091.124263,9,8.875736999999999,26.300000584998195
2024-05-15,995.5399,399030100.0,399030091.0401409,9,8.9598591,26.300000590542666
2024-05-16,1004.9055,399030100.0,399030090.9558505,9,9.0441495,26.300000596098233
2024-05-17,1014.2603,399030100.0,399030090.8716573,9,9.128342700000001,26.30000060164739
2024-05-18,1023.6078,399030100.0,399030090.7875298,9,9.2124702,26.300000607192217
2024-05-19,1033.0536,399030100.0,399030090.7025176,9,9.2974824,26.300000612795355
2024-05-20,1042.4865,399030100.0,399030090.6176215,9,9.3823785,26.300000618390847
2024-05-21,1051.829,399030100.0,399030090.533539,9,9.466460999999999,26.300000623932707
2024-05-22,1061.1603,399030100.0,399030090.4495573,9,9.5504427,26.300000629467924
2024-05-23,1070.4692,399030100.0,399030090.3657772,9,9.6342228,26.300000634989857
2024-05-24,1079.7809,399030100.0,399030090.2819719,9,9.7180281,26.30000064051345
2024-05-25,1089.0728,399030100.0,399030090.1983448,9,9.801655199999999,26.300000646025293
2024-05-26,1098.3657,399030100.0,399030090.1147087,9,9.8852913,26.300000651537733
2024-05-27,1107.6611,399030100.0,399030090.0310501,9,9.9689499,26.30000065705166
2024-05-28,1116.9048,399030100.0,399030089.9478568,9,10.0521432,26.300000662534913
2024-05-29,1126.1658,399030100.0,399030089.8645078,9,10.1354922,26.30000066802843
2024-05-30,1135.4026,399030100.0,399030089.7813766,9,10.218623399999998,26.300000673507594
2024-05-31,1144.791,399030100.0,399030089.696881,9,10.303118999999999,26.300000679076682
2024-06-01,1154.1503,399030100.0,399030089.6126473,9,10.3873527,26.30000068462851
2024-06-02,1163.5029,399030100.0,399030089.5284739,9,10.471526099999998,26.300000690176365
2024-06-03,1172.82,399030100.0,399030089.44462,9,10.55538,26.300000695703158
2024-06-04,1182.1221,399030100.0,399030089.3609011,9,10.6390989,26.300000701221055
2024-06-05,1191.466,399030100.0,399030089.276806,9,10.723194,26.30000070676375
2024-06-06,1200.8492,399030100.0,399030089.1923572,9,10.807642800000002,26.300000712329755
2024-06-07,1210.2661,399030100.0,399030089.1076051,9,10.892394900000001,26.30000071791575
2024-06-08,1219.6721,399030100.0,399030089.0229511,9,10.9770489,26.300000723495277
2024-06-09,1229.0731,399030100.0,399030088.9383421,9,11.0616579,26.300000729071844
2024-06-10,1238.4824,399030100.0,399030088.8536584,9,11.146341600000001,26.300000734653334
2024-06-11,1247.7783,399030100.0,399030088.7699953,9,11.2300047,26.300000740167555
2024-06-12,1257.0533,399030100.0,399030088.6865203,9,11.3134797,26.300000745669376
2024-06-13,1266.3162,399030100.0,399030088.6031542,9,11.3968458,26.30000075116402
2024-06-14,1275.608,399030100.0,399030088.519528,9,11.480471999999999,26.300000756675807
2024-06-15,1284.7764,399030100.0,399030088.4370124,9,11.5629876,26.300000762114394
2024-06-16,1293.9078,399030100.0,399030088.3548298,9,11.6451702,26.300000767531035
2024-06-17,1303.0101,399030100.0,399030088.2729091,9,11.727090899999999,26.300000772930414
2024-06-18,1312.1245,399030100.0,399030088.1908795,9,11.809120499999999,26.300000778336965
2024-06-19,1321.2357,399030100.0,399030088.1088787,9,11.891121299999998,26.300000783741627
2024-06-20,1330.31,399030100.0,399030088.02721,9,11.97279,26.300000789124397
2024-06-21,1339.3323,399030100.0,399030087.9460093,9,12.0539907,26.300000794476322
2024-06-22,1348.3348,399030100.0,399030087.8649868,9,12.135013200000001,26.300000799816498
2024-06-23,1357.4746,399030100.0,399030087.7827286,9,12.2172714,26.30000080523812
2024-06-24,1366.6489,399030100.0,399030087.7001599,9,12.299840099999999,26.300000810680206
2024-06-25,1375.8236,399030100.0,399030087.6175876,9,12.3824124,26.30000081612253
2024-06-26,1385.0104,399030100.0,399030087.5349064,9,12.465093599999998,26.300000821572038
2024-06-27,1394.1835,399030100.0,399030087.4523485,9,12.5476515,26.300000827013413
2024-06-28,1403.3337,399030100.0,399030087.3699967,9,12.630003299999998,26.300000832441203
2024-06-29,1412.463,399030100.0,399030087.287833,9,12.712166999999999,26.3000008378566
2024-06-30,1421.4553,399030100.0,399030087.2069023,9,12.7930977,26.300000843190727
2024-07-01,1430.1526,399030100.0,399030087.1286266,9,12.871373399999998,26.300000848349864
2024-07-02,1438.6737,399030100.0,399030087.0519367,9,12.9480633,26.300000853404484
2024-07-03,1447.1476,399030100.0,399030086.9756716,9,13.0243284,26.3000008584311
2024-07-04,1455.5034,399030100.0,399030086.9004694,9,13.0995306,26.300000863387663
2024-07-05,1463.8408,399030100.0,399030086.8254328,9,13.1745672,26.300000868333314
2024-07-06,1472.1798,399030100.0,399030086.7503818,9,13.249618199999999,26.30000087327991
2024-07-07,1480.5449,399030100.0,399030086.6750959,9,13.324904100000001,26.30000087824199
2024-07-08,1488.8778,399030100.0,399030086.6000998,9,13.3999002,26.30000088318497
2024-07-09,1497.1991,399030100.0,399030086.5252081,9,13.4747919,26.30000088812107
2024-07-10,1505.5199,399030100.0,399030086.4503209,9,13.549679099999999,26.300000893056872
2024-07-11,1513.7623,399030100.0,399030086.3761393,9,13.623860700000002,26.300000897946166
2024-07-12,1522.009,399030100.0,399030086.301919,9,13.698081,26.300000902838015
2024-07-13,1530.2677,399030100.0,399030086.2275907,9,13.772409300000001,26.30000090773698
2024-07-14,1538.5168,399030100.0,399030086.1533488,9,13.8466512,26.30000091263025
2024-07-15,1546.7235,399030100.0,399030086.0794885,9,13.9205115,26.300000917498366
2024-07-16,1554.9606,399030100.0,399030086.0053546,9,13.994645400000001,26.30000092238452
2024-07-17,1563.2305,399030100.0,399030085.9309255,9,14.0690745,26.300000927290128
2024-07-18,1571.5438,399030100.0,399030085.8561058,9,14.143894199999998,26.30000093222148
2024-07-19,1579.9296,399030100.0,399030085.7806336,9,14.219366399999998,26.300000937195836
2024-07-20,1588.283,399030100.0,399030085.705453,9,14.294546999999998,26.30000094215098
2024-07-21,1596.5637,399030100.0,399030085.6309267,9,14.3690733,26.300000947062994
2024-07-22,1604.8218,399030100.0,399030085.5566038,9,14.443396199999999,26.300000951961604
2024-07-23,1613.0709,399030100.0,399030085.4823619,9,14.517638100000001,26.300000956854873
2024-07-24,1621.3271,399030100.0,399030085.4080561,9,14.5919439,26.300000961752357
2024-07-25,1629.5624,399030100.0,399030085.3339384,9,14.6660616,26.300000966637437
2024-07-26,1637.8248,399030100.0,399030085.2595768,9,14.7404232,26.300000971538598
2024-07-27,1646.1327,399030100.0,399030085.1848057,9,14.815194300000002,26.300000976466748
2024-07-28,1654.4297,399030100.0,399030085.1101327,9,14.8898673,26.300000981388433
2024-07-29,1662.7236,399030100.0,399030085.0354876,9,14.9645124,26.30000098630828
2024-07-30,1671.0198,399030100.0,399030084.9608218,9,15.0391782,26.30000099122949
2024-07-31,1679.2975,399030100.0,399030084.8863225,9,15.1136775,26.300000996139723
2024-08-01,1687.3579,399030100.0,399030084.8137789,9,15.1862211,26.30000100092106
2024-08-02,1695.3387,399030100.0,399030084.7419517,9,15.2580483,26.300001005655176
2024-08-03,1703.2639,399030100.0,399030084.6706249,9,15.3293751,26.30000101035631
2024-08-04,1711.131,399030100.0,399030084.599821,9,15.400179,26.300001015022985
2024-08-05,1718.9427,399030100.0,399030084.5295157,9,15.4704843,26.300001019656797
2024-08-06,1726.7081,399030100.0,399030084.4596271,9,15.5403729,26.30000102426314
2024-08-07,1734.5105,399030100.0,399030084.3894055,9,15.610594500000001,26.300001028891433
2024-08-08,1742.3411,399030100.0,399030084.3189301,9,15.6810699,26.300001033536454
2024-08-09,1750.1733,399030100.0,399030084.2484403,9,15.7515597,26.300001038182423
2024-08-10,1758.0067,399030100.0,399030084.1779397,9,15.822060299999999,26.300001042829106
2024-08-11,1765.785,399030100.0,399030084.107935,9,15.892065,26.300001047443104
2024-08-12,1773.6091,399030100.0,399030084.0375181,9,15.962481899999998,26.30000105208427
2024-08-13,1781.4615,399030100.0,399030083.9668465,9,16.033153499999997,26.300001056742218
2024-08-14,1789.2816,399030100.0,399030083.8964656,9,16.1035344,26.300001061381014
2024-08-15,1797.048,399030100.0,399030083.826568,9,16.173432000000002,26.30000106598795
2024-08-16,1804.7883,399030100.0,399030083.7569053,9,16.2430947,26.300001070579405
2024-08-17,1812.5675,399030100.0,399030083.6868925,9,16.3131075,26.300001075193936
2024-08-18,1820.3646,399030100.0,399030083.6167186,9,16.3832814,26.30000107981909
2024-08-19,1828.1764,399030100.0,399030083.5464124,9,16.4535876,26.300001084452955
2024-08-20,1835.9939,399030100.0,399030083.4760549,9,16.523945100000002,26.300001089090205
2024-08-21,1843.7556,399030100.0,399030083.4061996,9,16.5938004,26.30000109369436
2024-08-22,1851.5358,399030100.0,399030083.3361778,9,16.663822200000002,26.30000109830948
2024-08-23,1859.3325,399030100.0,399030083.2660075,9,16.7339925,26.300001102934395
2024-08-24,1867.1179,399030100.0,399030083.1959389,9,16.8040611,26.300001107552603
2024-08-25,1874.85,399030100.0,399030083.12635,9,16.873649999999998,26.300001112139196
2024-08-26,1882.5117,399030100.0,399030083.0573947,9,16.9426053,26.300001116684026
2024-08-27,1890.0657,399030100.0,399030082.9894087,9,17.0105913,26.30000112116497
2024-08-28,1897.589,399030100.0,399030082.921699,9,17.078301,26.300001125627706
2024-08-29,1905.1108,399030100.0,399030082.8540028,9,17.145997199999996,26.30000113008955
2024-08-30,1912.5936,399030100.0,399030082.7866576,9,17.2133424,26.300001134528262
2024-08-31,1920.2435,399030100.0,399030082.7178085,9,17.2821915,26.30000113906609
2024-09-01,1927.8397,399030100.0,399030082.6494427,9,17.350557300000002,26.30000114357207
2024-09-02,1935.4734,399030100.0,399030082.5807394,9,17.4192606,26.300001148100293
2024-09-03,1943.0983,399030100.0,399030082.5121153,9,17.487884700000002,26.30000115262329
2024-09-04,1950.6924,399030100.0,399030082.4437684,9,17.5562316,26.300001157128026
2024-09-05,1958.2097,399030100.0,399030082.3761127,9,17.623887300000003,26.3000011615872
2024-09-06,1965.6381,399030100.0,399030082.3092571,9,17.690742899999996,26.300001165993642
2024-09-07,1973.0538,399030100.0,399030082.2425158,9,17.7574842,26.300001170392548
2024-09-08,1980.4644,399030100.0,399030082.1758204,9,17.8241796,26.300001174788427
2024-09-09,1987.8479,399030100.0,399030082.1093689,9,17.8906311,26.300001179168234
2024-09-10,1995.202,399030100.0,399030082.043182,9,17.956818,26.3000011835306
2024-09-11,2002.4429,399030100.0,399030081.9780139,9,18.021986100000003,26.30000118782582
2024-09-12,2009.7427,399030100.0,399030081.9123157,9,18.0876843,26.300001192155975
2024-09-13,2017.1128,399030100.0,399030081.8459848,9,18.1540152,26.300001196527834
2024-09-14,2024.5072,399030100.0,399030081.7794352,9,18.220564800000002,26.300001200914107
2024-09-15,2031.8716,399030100.0,399030081.7131556,9,18.2868444,26.30000120528258
2024-09-16,2039.215,399030100.0,399030081.647065,9,18.352935,26.300001209638605
2024-09-17,2046.6097,399030100.0,399030081.5805127,9,18.4194873,26.300001214025052
2024-09-18,2054.0466,399030100.0,399030081.5135806,9,18.486419400000003,26.300001218436535
2024-09-19,2061.5225,399030100.0,399030081.4462975,9,18.5537025,26.300001222871153
2024-09-20,2069.09,399030100.0,399030081.37819,9,18.62181,26.300001227360106
2024-09-21,2076.6194,399030100.0,399030081.3104254,9,18.6895746,26.30000123182646
2024-09-22,2084.1064,399030100.0,399030081.2430424,9,18.7569576,26.300001236267658
2024-09-23,2091.5117,399030100.0,399030081.1763947,9,18.8236053,26.300001240660396
2024-09-24,2098.8662,399030100.0,399030081.1102042,9,18.889795799999998,26.300001245023
2024-09-25,2106.1772,399030100.0,399030081.0444052,9,18.9555948,26.300001249359802
2024-09-26,2113.3965,399030100.0,399030080.9794315,9,19.020568499999996,26.300001253642208
2024-09-27,2120.6726,399030100.0,399030080.9139466,9,19.086053399999997,26.300001257958304
2024-09-28,2128.0618,399030100.0,399030080.8474438,9,19.1525562,26.300001262341492
2024-09-29,2135.4258,399030100.0,399030080.7811678,9,19.2188322,26.30000126670973
2024-09-30,2142.5732,399030100.0,399030080.7168412,9,19.2831588,26.300001270949487
2024-10-01,2149.6653,399030100.0,399030080.6530123,9,19.346987700000003,26.30000127515644
2024-10-02,2156.7327,399030100.0,399030080.5894057,9,19.4105943,26.300001279348738
2024-10-03,2163.7632,399030100.0,399030080.5261312,9,19.4738688,26.300001283519148
2024-10-04,2170.7659,399030100.0,399030080.4631069,9,19.536893099999997,26.300001287673073
2024-10-05,2177.7485,399030100.0,399030080.4002635,9,19.599736500000002,26.300001291815068
2024-10-06,2184.678,399030100.0,399030080.337898,9,19.662101999999997,26.300001295925565
2024-10-07,2191.6167,399030100.0,399030080.2754497,9,19.7245503,26.300001300041522
2024-10-08,2198.5183,399030100.0,399030080.2133353,9,19.786664700000003,26.300001304135474
2024-10-09,2205.3928,399030100.0,399030080.1514648,9,19.8485352,26.300001308213343
2024-10-10,2212.2393,399030100.0,399030080.0898463,9,19.910153700000002,26.30000131227461
2024-10-11,2219.008,399030100.0,399030080.028928,9,19.971072,26.300001316289723
2024-10-12,2225.8252,399030100.0,399030079.9675732,9,20.0324268,26.300001320333607
2024-10-13,2232.7822,399030100.0,399030079.9049602,9,20.095039800000002,26.300001324460418
2024-10-14,2239.781,399030100.0,399030079.841971,9,20.158029,26.300001328612026
2024-10-15,2246.5637,399030100.0,399030079.7809267,9,20.2190733,26.300001332635443
2024-10-16,2253.1995,399030100.0,399030079.7212045,9,20.2787955,26.30000133657172
2024-10-17,2259.8901,399030100.0,399030079.6609891,9,20.3390109,26.30000134054051
2024-10-18,2266.5515,399030100.0,399030079.6010365,9,20.3989635,26.300001344491978
2024-10-19,2273.274,399030100.0,399030079.540534,9,20.459466,26.300001348479682
2024-10-20,2280.03,399030100.0,399030079.47973,9,20.52027,26.300001352487264
2024-10-21,2286.733,399030100.0,399030079.419403,9,20.580597,26.300001356463405
2024-10-22,2293.3733,399030100.0,399030079.3596403,9,20.6403597,26.300001360402355
2024-10-23,2299.9678,399030100.0,399030079.3002898,9,20.6997102,26.300001364314138
2024-10-24,2306.5222,399030100.0,399030079.2413002,9,20.7586998,26.30000136820213
2024-10-25,2313.0,399030100.0,399030079.183,9,20.817,26.300001372044687
2024-10-26,2319.3542,399030100.0,399030079.1258122,9,20.874187800000005,26.300001375813927
2024-10-27,2325.6057,399030100.0,399030079.0695487,9,20.9304513,26.30000137952224
2024-10-28,2331.806,399030100.0,399030079.013746,9,20.986254000000002,26.300001383200186
2024-10-29,2337.9753,399030100.0,399030078.9582223,9,21.041777699999997,26.300001386859744
2024-10-30,2344.0674,399030100.0,399030078.9033934,9,21.096606599999998,26.300001390473508
2024-10-31,2350.176,399030100.0,399030078.848416,9,21.151584,26.30000139409706
2024-11-01,2356.1797,399030100.0,399030078.7943827,9,21.2056173,26.300001397658384
2024-11-02,2362.22,399030100.0,399030078.74002,9,21.25998,26.30000140124142
2024-11-03,2368.2556,399030100.0,399030078.6856996,9,21.3143004,26.300001404821668
2024-11-04,2374.2874,399030100.0,399030078.6314134,9,21.368586600000004,26.300001408399662
2024-11-05,2380.3286,399030100.0,399030078.5770426,9,21.422957399999998,26.30000141198323
2024-11-06,2386.3987,399030100.0,399030078.5224117,9,21.477588300000004,26.300001415583942
2024-11-07,2392.468,399030100.0,399030078.467788,9,21.532212,26.300001419184184
2024-11-08,2398.4746,399030100.0,399030078.4137286,9,21.5862714,26.30000142274723
2024-11-09,2404.4128,399030100.0,399030078.3602848,9,21.639715199999998,26.3000014262697
2024-11-10,2410.353,399030100.0,399030078.306823,9,21.693177,26.300001429793355
2024-11-11,2416.2227,399030100.0,399030078.2539957,9,21.746004299999996,26.300001433275195
2024-11-12,2422.0,399030100.0,399030078.202,9,21.798,26.30000143670222
2024-11-13,2427.7803,399030100.0,399030078.1499773,9,21.850022699999997,26.300001440131027
2024-11-14,2433.6597,399030100.0,399030078.0970627,9,21.9029373,26.30000144361862
2024-11-15,2439.4607,399030100.0,399030078.0448537,9,21.9551463,26.300001447059707
2024-11-16,2445.1936,399030100.0,399030077.9932576,9,22.0067424,26.300001450460396
2024-11-17,2450.8381,399030100.0,399030077.9424571,9,22.0575429,26.30000145380865
2024-11-18,2456.3298,399030100.0,399030077.8930318,9,22.1069682,26.300001457066262
2024-11-19,2461.9749,399030100.0,399030077.8422259,9,22.1577741,26.30000146041487
2024-11-20,2467.6506,399030100.0,399030077.7911446,9,22.2088554,26.300001463781626
2024-11-21,2473.2537,399030100.0,399030077.7407167,9,22.259283300000003,26.30000146710532
2024-11-22,2478.789,399030100.0,399030077.690899,9,22.309101000000002,26.300001470388796
2024-11-23,2484.2598,399030100.0,399030077.6416618,9,22.3583382,26.300001473634012
2024-11-24,2489.681,399030100.0,399030077.592871,9,22.407129,26.300001476849804
2024-11-25,2495.177,399030100.0,399030077.543407,9,22.456593,26.30000148010997
2024-11-26,2500.793,399030100.0,399030077.492863,9,22.507137000000004,26.300001483441317
2024-11-27,2506.4746,399030100.0,399030077.4417286,9,22.558271400000002,26.300001486811574
2024-11-28,2512.2412,399030100.0,399030077.3898292,9,22.6101708,26.300001490232255
2024-11-29,2518.0544,399030100.0,399030077.3375104,9,22.6624896,26.30000149368058
2024-11-30,2523.565,399030100.0,399030077.287915,9,22.712085,26.300001496949402
2024-12-01,2528.9126,399030100.0,399030077.2397866,9,22.7602134,26.300001500121535
2024-12-02,2534.351,399030100.0,399030077.190841,9,22.809159,26.30000150334753
2024-12-03,2539.867,399030100.0,399030077.141197,9,22.858802999999998,26.30000150661956
2024-12-04,2545.41,399030100.0,399030077.09131,9,22.90869,26.300001509907602
2024-12-05,2551.0615,399030100.0,399030077.0404465,9,22.9595535,26.300001513260007
2024-12-06,2556.6597,399030100.0,399030076.9900627,9,23.0099373,26.300001516580792
2024-12-07,2562.1865,399030100.0,399030076.9403215,9,23.059678499999997,26.300001519859226
2024-12-08,2567.7085,399030100.0,399030076.8906235,9,23.109376500000003,26.300001523134814
2024-12-09,2573.2756,399030100.0,399030076.8405196,9,23.1594804,26.300001526437153
2024-12-10,2578.8762,399030100.0,399030076.7901142,9,23.2098858,26.300001529759363
2024-12-11,2584.5662,399030100.0,399030076.7389042,9,23.261095800000003,26.30000153313461
2024-12-12,2590.2522,399030100.0,399030076.6877302,9,23.3122698,26.300001536507477
2024-12-13,2596.0068,399030100.0,399030076.6359388,9,23.364061200000002,26.300001539921038
2024-12-14,2601.8225,399030100.0,399030076.5835975,9,23.416402500000004,26.300001543370843
2024-12-15,2607.5247,399030100.0,399030076.5322777,9,23.467722300000002,26.30000154675332
2024-12-16,2613.0642,399030100.0,399030076.4824222,9,23.517577799999998,26.30000155003929
2024-12-17,2618.4377,399030100.0,399030076.4340607,9,23.565939299999997,26.30000155322679
2024-12-18,2623.6353,399030100.0,399030076.3872823,9,23.6127177,26.300001556309944
2024-12-19,2628.8352,399030100.0,399030076.3404832,9,23.659516800000002,26.300001559394463
2024-12-20,2634.1765,399030100.0,399030076.2924115,9,23.7075885,26.300001562562862
2024-12-21,2639.47,399030100.0,399030076.24477,9,23.75523,26.300001565702903
2024-12-22,2644.7327,399030100.0,399030076.1974057,9,23.8025943,26.300001568824676
2024-12-23,2649.9775,399030100.0,399030076.1502025,9,23.8497975,26.30000157193583
2024-12-24,2655.2063,399030100.0,399030076.1031433,9,23.896856699999997,26.300001575037495
2024-12-25,2660.4314,399030100.0,399030076.0561174,9,23.943882600000002,26.30000157813696
2024-12-26,2665.7178,399030100.0,399030076.0085398,9,23.9914602,26.300001581272795
2024-12-27,2670.7751,399030100.0,399030075.9630241,9,24.036975899999998,26.300001584272728
2024-12-28,2675.9153,399030100.0,399030075.9167623,9,24.0832377,26.300001587321834
2024-12-29,2681.3875,399030100.0,399030075.8675125,9,24.1324875,26.300001590567877
2024-12-30,2686.8992,399030100.0,399030075.8179072,9,24.1820928,26.300001593837354
