Date,Evaporation (mm/day),Slope (kPa/°C),Psychrometric constant (kPa/°C),Radiation Based Evaporation (mm/day),Aerodynamics Evaporation (mm/day),Saturation Vapour (kPa),Actual Vapour (kPa),Solar Irradiance (MJ m2/day),Wind Speed (m/s)
2025-01-01,5.1888947,142.67696,66.440704,5.6032286,4.2991405,2.279667,1.0994573,159.1499,3.5683126
2025-01-02,5.137478,141.54047,66.43631,5.6181426,4.113436,2.2618425,1.1779315,159.66927,3.6936965
2025-01-03,5.307185,140.63757,66.42305,5.6454415,4.5909953,2.2380638,1.1771115,160.33116,4.1049166
2025-01-04,5.2923827,138.9774,66.40542,5.658227,4.52672,2.2027237,1.2115937,160.56866,4.1529036
2025-01-05,5.310123,138.39468,66.40006,5.6710744,4.557807,2.1970615,1.2072883,160.97325,4.1160893
2025-01-06,5.2438893,137.242,66.395256,5.680447,4.3415046,2.193472,1.204147,161.26723,4.160629
2025-01-07,5.2970543,136.19536,66.386154,5.6928225,4.4851117,2.184318,1.2025257,161.68143,4.2491403
2025-01-08,5.2416625,135.20593,66.37701,5.7074146,4.292954,2.16663,1.1226661,162.072,3.800948
2025-01-09,5.426119,134.62036,66.36898,5.721647,4.8266807,2.1504922,1.0744246,162.5077,4.0037665
2025-01-10,5.390167,134.77126,66.36895,5.737834,4.684181,2.148245,1.0708355,162.99564,3.851799
2025-01-11,5.2701406,134.53143,66.36884,5.759708,4.2777734,2.1509962,1.0502664,163.5554,3.6486561
2025-01-12,5.1583166,134.83324,66.37279,5.783642,3.8879974,2.1516752,1.054866,164.21039,3.368081
2025-01-13,5.1253505,135.17444,66.38102,5.8012004,3.749089,2.159299,1.043763,164.76472,3.2373593
2025-01-14,5.0255394,135.73897,66.385765,5.8244424,3.392023,2.1710498,1.1313667,165.36426,3.159855
2025-01-15,4.9773755,138.56393,66.39788,5.8490868,3.158226,2.232151,1.178623,166.07597,3.0703528
2025-01-16,5.0491095,139.48251,66.409904,5.8733883,3.3178551,2.2511847,1.2173336,166.76517,3.1416066
2025-01-17,5.108876,140.99422,66.43,5.8989477,3.431992,2.281572,1.2096636,167.44006,3.2109392
2025-01-18,5.22717,141.35468,66.43194,5.920934,3.7509701,2.29534,1.1781665,168.09395,3.2969742
2025-01-19,5.251682,142.02676,66.44399,5.942752,3.7744927,2.305667,1.2359356,168.83714,3.5140064
2025-01-20,5.2027874,143.73332,66.44896,5.9694347,3.54448,2.3234286,1.3435334,169.55225,3.4483194
2025-01-21,5.1369348,144.3638,66.450745,5.9962106,3.2701645,2.3303876,1.3668106,170.51624,3.4310105
2025-01-22,5.263476,146.32478,66.47927,6.033193,3.5692823,2.3703613,1.2989784,171.14583,3.384614
2025-01-23,5.262966,146.77869,66.48398,6.0681195,3.4854052,2.3709188,1.2251277,172.00972,3.067602
2025-01-24,5.2355027,146.59637,66.478264,6.0814357,3.3700712,2.374194,1.1560456,172.61044,2.8408537
2025-01-25,5.357858,146.53691,66.47769,6.113493,3.6922114,2.373582,1.1546404,173.66682,2.8153367
2025-01-26,5.559002,146.33809,66.47497,6.15274,4.251947,2.3649929,1.2017092,174.7428,3.600962
2025-01-27,5.63865,145.91318,66.46713,6.184956,4.43936,2.3606727,1.1941061,175.52904,3.8218849
2025-01-28,5.524201,145.70293,66.4645,6.221615,3.9953358,2.3549323,1.2046417,176.45108,3.47151
2025-01-29,4.930125,149.15404,66.48754,6.2405496,1.9903989,2.4134538,1.5776131,177.0947,2.6163416
2025-01-30,5.0508947,150.79318,66.50243,6.265525,2.2967415,2.447228,1.698695,178.07893,2.8095684
2025-01-31,5.2191033,152.44743,66.51263,6.3256955,2.6827853,2.458548,1.8247023,179.84122,3.5647209
2025-02-01,5.4549694,157.48965,66.55953,6.368195,3.294143,2.581797,1.6175016,180.60675,2.5802875
2025-02-02,5.534047,157.14441,66.56352,6.382439,3.5311477,2.5766237,1.6449454,181.12418,3.3395653
2025-02-03,5.5418816,157.23933,66.56319,6.409792,3.4916558,2.588418,1.5932108,181.89417,3.8138285
2025-02-04,5.5955763,157.3638,66.567276,6.444778,3.5880785,2.5898643,1.6085197,182.91737,3.8148649
2025-02-05,5.6634574,157.42545,66.56769,6.4813786,3.7291617,2.5907128,1.5660752,183.97612,3.7201166
2025-02-06,5.803529,158.24837,66.570946,6.515208,4.1117682,2.5958273,1.5047501,184.87073,3.6734788
2025-02-07,5.9613285,158.36462,66.57685,6.557244,4.5438395,2.611485,1.4252545,185.88318,3.7796822
2025-02-08,6.014888,157.9175,66.56451,6.593021,4.643326,2.5946574,1.2878419,186.94812,3.374799
2025-02-09,6.0881734,157.7734,66.566246,6.633192,4.7963867,2.5807686,1.2232754,188.0274,3.3476458
2025-02-10,6.085478,158.19751,66.570206,6.676369,4.681283,2.5830278,1.2280833,189.2013,3.2871914
2025-02-11,6.2584887,158.41417,66.57206,6.711117,5.1814203,2.5914063,1.1553854,190.1785,3.4134238
2025-02-12,6.271364,158.16269,66.5712,6.750442,5.1331515,2.5848508,1.1436051,191.21942,3.284914
2025-02-13,6.2551584,158.05055,66.569756,6.79486,4.9737935,2.5842237,1.173436,192.48323,3.229881
2025-02-14,6.184537,159.58812,66.578415,6.8383436,4.617365,2.6052403,1.2028478,193.77028,3.2039764
2025-02-15,6.1303964,160.28444,66.57841,6.8836217,4.317044,2.608644,1.2438504,194.98595,3.1385324
2025-02-16,6.2360816,161.31415,66.58878,6.9215064,4.57561,2.6417289,1.2640284,195.98242,3.262531
2025-02-17,6.3368254,164.56708,66.6083,6.9622107,4.791708,2.7049465,1.266101,197.08566,3.3062048
2025-02-18,6.472403,166.70277,66.61945,7.0056143,5.1381416,2.7389839,1.3716159,198.37276,3.6439521
2025-02-19,6.53828,168.7762,66.632385,7.0577335,5.2225323,2.7747698,1.5769544,199.61246,4.2539477
2025-02-20,6.5461683,169.61888,66.64116,7.0996313,5.137463,2.7941132,1.6607454,200.77185,4.310226
2025-02-21,6.5586095,169.91759,66.64358,7.137548,5.082519,2.7947373,1.6331958,201.91513,4.272248
2025-02-22,6.6555986,170.46465,66.64755,7.175494,5.3258595,2.8019183,1.543701,202.91245,4.1305633
2025-02-23,6.6375265,170.30438,66.646965,7.212926,5.1671963,2.7972116,1.4596152,204.10121,4.0201907
2025-02-24,6.6621547,170.81123,66.65129,7.2600245,5.1299577,2.8125627,1.3900651,205.34769,3.8679488
2025-02-25,6.97638,171.21873,66.65311,7.303513,6.1360383,2.81277,1.3923649,206.56453,3.9992068
2025-02-26,7.190322,169.74022,66.64457,7.341825,6.8044515,2.7956526,1.4207331,207.75487,5.083404
2025-02-27,7.310057,169.3741,66.6372,7.3834167,7.1235967,2.7935991,1.3945597,208.77388,5.3292
2025-02-28,7.2246957,169.75609,66.63637,7.4126587,6.74586,2.7842577,1.3433353,209.47331,4.640365
2025-03-01,7.1496224,162.30412,66.58914,7.5040736,6.285685,2.635899,1.0023198,212.15126,3.5345354
2025-03-02,7.2815695,160.19933,66.58212,7.5368524,6.667349,2.6209536,1.1354983,213.10205,4.1233277
2025-03-03,7.1971774,160.35858,66.578964,7.563174,6.315659,2.6138344,1.0786773,214.17842,4.0428376
2025-03-04,7.107991,160.15941,66.58007,7.5962687,5.933432,2.6097941,1.0980313,215.15599,3.9235485
2025-03-05,7.1844926,161.01259,66.584755,7.6369715,6.090327,2.6355643,1.0819843,216.27376,3.7772105
2025-03-06,7.096358,161.51385,66.59322,7.676308,5.6897593,2.6418042,1.0898851,217.35211,3.597694
2025-03-07,7.1029344,166.34576,66.61763,7.724429,5.551047,2.7251658,1.1761876,218.6553,3.6151237
2025-03-08,7.119039,168.40735,66.647766,7.7629857,5.4918985,2.7592232,1.1635919,219.49696,3.4763494
2025-03-09,7.2679276,170.71992,66.6573,7.8087254,5.8828588,2.814958,1.1166177,220.74466,3.5381775
2025-03-10,7.205853,172.19482,66.66496,7.857031,5.5238695,2.8400528,1.1846087,222.18234,3.5340438
2025-03-11,7.324512,173.81197,66.68046,7.891868,5.8456206,2.8847604,1.2926109,223.36417,3.7884903
2025-03-12,7.2250075,174.99518,66.68252,7.9349513,5.361899,2.895455,1.2861484,224.51555,3.7063174
2025-03-13,7.3507595,176.82018,66.69811,7.977122,5.6902404,2.9243228,1.3314539,225.62657,3.7503998
2025-03-14,7.3737154,177.0242,66.700386,8.008343,5.6893997,2.9301488,1.2785697,226.72694,3.6350336
2025-03-15,7.4759965,179.57642,66.71421,8.057466,5.910839,2.972131,1.2888403,227.8814,3.6483867
2025-03-16,7.5487127,180.74298,66.72466,8.093388,6.073304,3.0201695,1.3000281,229.00957,3.643296
2025-03-17,7.6285706,185.31767,66.75375,8.138408,6.2131915,3.1117468,1.3224937,229.99792,3.5643582
2025-03-18,7.685132,189.63249,66.77936,8.179909,6.2801223,3.1943195,1.4529089,231.07138,3.5386736
2025-03-19,7.7338,190.17062,66.79389,8.222103,6.343539,3.2104433,1.8359673,232.40114,4.174301
2025-03-20,7.7465286,190.52328,66.79704,8.266704,6.262846,3.2134864,1.9412051,233.57802,4.397029
2025-03-21,7.7326584,194.64955,66.817696,8.298167,6.08525,3.2830832,2.0487165,234.52733,4.615381
2025-03-22,7.741308,195.25504,66.81973,8.343599,5.9813447,3.305774,2.053363,235.75714,4.5494566
2025-03-23,7.812726,196.87183,66.831406,8.3772545,6.1497407,3.3302038,2.0686963,236.75893,4.5796385
2025-03-24,7.8357453,199.17754,66.84895,8.413428,6.1145277,3.366649,2.0287278,237.7255,4.3870263
2025-03-25,7.856886,201.24059,66.86136,8.452116,6.065352,3.4036248,2.0176063,238.60434,4.1087155
2025-03-26,8.05749,202.17746,66.86778,8.4882345,6.755116,3.4345987,2.0187795,239.46379,4.4755254
2025-03-27,8.3917465,202.19356,66.86241,8.517126,8.012597,3.4333656,2.0014513,240.77228,4.9297214
2025-03-28,8.409824,202.38504,66.861694,8.5442705,8.002867,3.422609,1.9040443,241.61755,5.0549154
2025-03-29,8.278888,201.67578,66.85833,8.584159,7.35805,3.4072192,1.9669287,242.5435,4.59643
2025-03-30,8.391415,202.38383,66.86562,8.622436,7.6921773,3.422323,1.9403892,243.08731,4.455677
2025-03-31,8.227663,202.2733,66.865364,8.674303,6.8765416,3.4190054,1.9396429,244.3979,4.282414
2025-04-01,8.474822,206.5396,66.897125,8.672532,7.864404,3.5170279,1.5664275,244.70277,4.1208982
2025-04-02,8.494478,207.2312,66.89662,8.697348,7.866033,3.5249257,1.8832281,245.63373,4.6170216
2025-04-03,8.457969,209.13109,66.90998,8.742424,7.5688877,3.5643735,1.9422493,246.47812,4.638646
2025-04-04,8.535328,209.32436,66.912575,8.807887,7.682672,3.5657315,2.0236573,247.83278,4.762797
2025-04-05,8.6023,209.7593,66.91454,8.8203335,7.9188204,3.571527,2.0008004,248.10594,4.6808043
2025-04-06,8.593497,210.29802,66.91789,8.885217,7.676733,3.5828912,2.0170393,249.82141,4.529068
2025-04-07,8.609068,212.49298,66.929054,8.916758,7.632185,3.6360254,2.0404792,250.98074,4.5009704
2025-04-08,8.61362,214.40259,66.93172,8.922883,7.622952,3.6553514,1.9847263,251.11322,4.0991693
2025-04-09,8.633856,216.37614,66.94062,8.935507,7.6588135,3.6895363,1.9510324,251.7899,4.1117315
2025-04-10,8.576085,216.66898,66.95296,8.970328,7.300262,3.7048883,2.0025618,252.67078,4.052587
2025-04-11,8.617901,218.37729,66.966385,8.994963,7.3883066,3.7531655,2.0515323,253.19763,4.2354465
2025-04-12,8.635717,218.30392,66.964264,9.014826,7.399821,3.7481399,2.0922034,253.89676,4.245716
2025-04-13,8.648098,218.19182,66.96653,9.036598,7.3822784,3.742321,2.1585348,254.67592,4.2579274
2025-04-14,8.646424,218.85553,66.966034,9.06812,7.2682557,3.7565877,2.229307,255.4346,4.136434
2025-04-15,8.650314,219.13672,66.96799,9.08867,7.215899,3.7650697,2.3568969,256.04468,4.2011127
2025-04-16,8.714893,219.65488,66.97475,9.11602,7.399335,3.7815034,2.34206,256.7262,4.2261424
2025-04-17,8.892224,220.49092,66.98261,9.134439,8.094909,3.8061445,2.30583,257.24936,4.2113447
2025-04-18,8.968151,222.87683,66.990326,9.153674,8.350914,3.8333457,2.3120902,257.5793,4.758495
2025-04-19,9.009375,222.9554,66.990524,9.16066,8.505873,3.8344023,2.345966,258.00516,5.211315
2025-04-20,9.007891,223.02861,66.99237,9.212093,8.328065,3.835838,2.4182513,259.71982,5.3065915
2025-04-21,8.984475,223.11946,66.99166,9.218983,8.203432,3.833165,2.4036248,259.98154,5.3350716
2025-04-22,9.014281,223.1465,66.99294,9.236248,8.274933,3.8357365,2.3720806,260.36972,5.364837
2025-04-23,9.019975,223.59642,66.99575,9.253865,8.23937,3.8479476,2.3476908,260.7467,5.4236364
2025-04-24,9.012646,224.4547,66.9971,9.271478,8.145503,3.85745,2.2761722,261.13425,5.4916196
2025-04-25,9.047789,224.51857,66.99944,9.286805,8.246833,3.8564084,2.3314018,261.57684,5.518842
2025-04-26,9.044085,224.69418,66.999374,9.309795,8.152974,3.8610694,2.381046,262.32373,5.685006
2025-04-27,9.060563,224.6143,66.999214,9.327422,8.165922,3.8621402,2.3641853,262.6134,5.6611876
2025-04-28,9.08157,224.86586,67.0006,9.349451,8.18251,3.8570762,2.369667,263.20898,5.7100587
2025-04-29,9.028949,225.27267,66.9999,9.361007,7.9124746,3.869358,2.324019,263.49704,5.5430183
2025-04-30,9.211244,226.24968,67.00813,9.388721,8.612,3.888798,2.191028,264.2448,5.4906683
2025-05-01,9.223942,230.19781,67.03195,9.425925,8.5303,3.992501,2.0293064,264.89667,5.169043
2025-05-02,9.202211,230.45969,67.031654,9.437239,8.394171,3.9867637,2.2665582,265.28485,5.606353
2025-05-03,9.215733,232.99199,67.044716,9.458256,8.372925,4.0413237,2.5092044,265.87302,5.775639
2025-05-04,9.272346,233.19594,67.049164,9.467719,8.592843,4.0526066,2.5642612,266.2489,5.8481793
2025-05-05,9.280181,234.06975,67.0545,9.477033,8.593018,4.0679936,2.5641034,266.6232,5.732563
2025-05-06,9.254881,234.27367,67.054756,9.495759,8.413308,4.0710387,2.5969372,267.15094,5.5815597
2025-05-07,9.25384,235.05965,67.06067,9.510522,8.354125,4.08786,2.6318657,267.4806,5.5675893
2025-05-08,9.241612,238.22565,67.07241,9.518424,8.258443,4.1331873,2.627146,267.7986,5.2536964
2025-05-09,9.281002,240.71645,67.0923,9.529775,8.388447,4.1889277,2.6157038,267.95227,5.2905455
2025-05-10,9.280175,241.51524,67.094345,9.54518,8.32625,4.20543,2.6436193,268.51892,5.3246007
2025-05-11,9.358315,243.15309,67.10484,9.561395,8.62246,4.2421837,2.665327,268.89133,5.301836
2025-05-12,9.365841,243.68309,67.10578,9.570944,8.621044,4.247247,2.6753895,269.14874,5.3933234
2025-05-13,9.346556,243.82224,67.10823,9.586179,8.475943,4.248843,2.7094896,269.4126,5.211393
2025-05-14,9.336979,245.73547,67.11176,9.59737,8.383533,4.291128,2.7176592,269.7345,5.1047406
2025-05-15,9.333604,247.33435,67.12058,9.605955,8.330008,4.326141,2.7659647,270.08148,5.031603
2025-05-16,9.380371,247.57396,67.12183,9.610601,8.531184,4.331365,2.7697153,270.31412,5.194735
2025-05-17,9.587758,247.63972,67.1226,9.620801,9.465852,4.333531,2.7582967,270.6526,5.290496
2025-05-18,9.617905,247.69565,67.12305,9.634186,9.557824,4.337802,2.7389932,270.92035,5.612153
2025-05-19,9.627102,247.8241,67.1239,9.646742,9.55459,4.3405704,2.78494,271.19882,5.797793
2025-05-20,9.620501,248.102,67.12574,9.655019,9.492918,4.3453646,2.8675275,271.3608,5.9816313
2025-05-21,9.59174,248.26501,67.12578,9.657858,9.347202,4.3438807,2.8692386,271.44537,6.1490803
2025-05-22,9.5722275,248.47264,67.130135,9.671229,9.205788,4.360801,2.8805537,271.65674,5.9464254
2025-05-23,9.54481,248.29138,67.12788,9.682912,9.034001,4.360723,2.908311,272.08813,6.0420017
2025-05-24,9.516655,248.40543,67.128586,9.689266,8.8779125,4.358964,3.0428774,272.30518,6.2878947
2025-05-25,9.475887,247.71281,67.12774,9.69432,8.669831,4.3441453,3.0950196,272.56757,6.399178
2025-05-26,9.422899,245.5754,67.11659,9.6983795,8.414932,4.295591,3.1900904,272.6546,6.777872
2025-05-27,9.42103,244.89972,67.11579,9.702677,8.393323,4.2846475,3.209443,272.7686,7.0029697
2025-05-28,9.414217,243.9439,67.11209,9.705421,8.355725,4.260084,3.215523,272.84906,7.149076
2025-05-29,9.19751,243.94322,67.108635,9.714399,7.3185897,4.2608,3.255257,273.07236,6.8279743
2025-05-30,9.272942,246.3077,67.12031,9.725633,7.6117263,4.2973056,3.2257273,273.16306,6.543747
2025-05-31,9.3355055,245.65187,67.11674,9.716354,7.9415717,4.28173,3.1784027,273.20172,6.6640434
2025-06-01,9.3201685,241.98387,67.098175,9.7232,7.8666697,4.2223005,3.0933764,273.326,6.5899806
2025-06-02,9.3306,243.17313,67.101654,9.723855,7.9054637,4.248996,3.0873308,273.43866,6.5033183
2025-06-03,9.362411,244.25856,67.1063,9.725432,8.041057,4.2613397,3.0784903,273.4151,6.510875
2025-06-04,9.394947,244.15613,67.11035,9.734506,8.159589,4.260881,3.0830982,273.6237,6.5638604
2025-06-05,9.421497,245.97623,67.116104,9.740978,8.25062,4.295449,3.0972974,273.71002,6.509385
2025-06-06,9.381101,245.5349,67.11488,9.7418585,8.061294,4.291028,3.1095238,273.79422,6.382079
2025-06-07,9.410503,245.9881,67.1189,9.746233,8.180066,4.300359,3.1311102,273.79175,6.553261
2025-06-08,9.403526,248.70692,67.130035,9.748047,8.127133,4.3389297,3.1254382,273.86847,6.278352
2025-06-09,9.472699,250.58673,67.1396,9.754524,8.420837,4.38766,3.1064646,273.90445,6.231731
2025-06-10,9.531847,250.70438,67.13891,9.755249,8.6976385,4.3895125,3.124345,273.9606,6.376403
2025-06-11,9.672012,251.29158,67.14113,9.753655,9.366442,4.4080296,3.1231875,273.95715,6.6431966
2025-06-12,9.709879,251.55753,67.14233,9.752086,9.551747,4.410742,3.1280813,273.8977,6.9066405
2025-06-13,9.539991,251.40091,67.142685,9.75174,8.747139,4.4043126,3.1778932,273.89236,6.5944777
2025-06-14,9.481997,251.97806,67.14595,9.750281,8.475209,4.4212794,3.1859577,273.92902,6.4912653
2025-06-15,9.323237,253.34277,67.15406,9.75153,7.707481,4.45191,3.2592266,273.91583,6.421956
2025-06-16,9.233471,253.5285,67.155304,9.751928,7.276159,4.457134,3.2980263,274.03204,6.544838
2025-06-17,9.179438,253.57121,67.15624,9.756352,7.001099,4.4579186,3.2996218,274.0597,6.2534595
2025-06-18,9.194825,253.83774,67.15684,9.760577,7.056412,4.4635215,3.2884185,274.0718,6.1947064
2025-06-19,9.183343,253.15302,67.15506,9.762285,7.000919,4.4531326,3.3222282,274.06042,6.335658
2025-06-20,9.154323,253.37502,67.15631,9.758174,6.876042,4.457927,3.3700924,274.04642,6.3446555
2025-06-21,9.052756,253.53801,67.156525,9.755549,6.3994794,4.4564433,3.372787,274.05408,5.810178
2025-06-22,8.965582,254.68993,67.16354,9.761078,5.948991,4.494471,3.3665657,274.08878,4.7792087
2025-06-23,8.938854,255.3423,67.1652,9.755452,5.834391,4.505755,3.3669562,274.04526,4.591545
2025-06-24,8.92749,254.82732,67.16353,9.756157,5.783421,4.490467,3.3440835,274.0446,4.7920666
2025-06-25,8.872484,254.94011,67.164986,9.747759,5.550182,4.4960074,3.345445,274.06122,4.7438307
2025-06-26,8.738276,253.9284,67.16101,9.749458,4.915102,4.467996,3.3967404,273.95358,4.5160666
2025-06-27,8.693628,254.39389,67.16145,9.745457,4.7095194,4.4677978,3.4074593,273.89706,4.183536
2025-06-28,8.736087,253.3191,67.15617,9.744668,4.9316278,4.445274,3.4157014,273.8246,4.675942
2025-06-29,8.611144,251.57426,67.14374,9.742273,4.373028,4.4212494,3.446148,273.75098,4.5434933
2025-06-30,8.660935,250.62102,67.140465,9.746463,4.608896,4.4076567,3.4203777,273.63278,5.140855
2025-07-01,8.616035,251.5377,67.14169,9.732665,4.432725,4.405836,3.5446904,273.4145,5.081409
2025-07-02,8.630373,251.00122,67.13948,9.729921,4.519706,4.3828006,3.5420156,273.3625,5.2037582
2025-07-03,8.641552,250.53047,67.13617,9.732251,4.571412,4.380546,3.5393012,273.50867,5.1931043
2025-07-04,8.650251,249.91309,67.13129,9.728748,4.635274,4.368707,3.501115,273.21497,5.2344913
2025-07-05,8.617854,249.3254,67.126495,9.723321,4.5118647,4.3570976,3.4782465,273.11307,5.130744
2025-07-06,8.569887,247.44995,67.12127,9.715177,4.347652,4.3198595,3.4772105,272.7503,5.118523
2025-07-07,8.55212,245.79019,67.11778,9.708956,4.3157053,4.296595,3.476676,272.65228,5.165328
2025-07-08,8.529814,247.01495,67.126915,9.704282,4.2079835,4.3262863,3.477672,272.54745,4.7134566
2025-07-09,8.528805,247.46101,67.12767,9.701947,4.2041073,4.3317294,3.4637156,272.54303,4.8034344
2025-07-10,8.538945,247.40398,67.127464,9.697293,4.269755,4.324893,3.4773166,272.4078,5.1313095
2025-07-11,8.602222,247.3977,67.12626,9.690509,4.591278,4.322752,3.4814956,272.18716,5.423378
2025-07-12,8.633045,247.78502,67.12757,9.685895,4.7467084,4.32835,3.476719,272.0548,5.444115
2025-07-13,8.508055,247.85071,67.12822,9.682439,4.171999,4.33112,3.510933,271.94308,4.9174232
2025-07-14,8.48297,248.90833,67.13079,9.670645,4.0792994,4.355446,3.5025177,271.6393,4.663
2025-07-15,8.356901,250.64427,67.13962,9.662777,3.4818292,4.391548,3.527485,271.43088,4.172459
2025-07-16,8.36761,250.82999,67.14086,9.653337,3.5642922,4.3967724,3.5463142,271.19702,4.133019
2025-07-17,8.3981085,250.86287,67.14098,9.64611,3.7351263,4.3976765,3.5587845,271.00372,4.103365
2025-07-18,8.38036,250.95778,67.14167,9.63503,3.6907341,4.404065,3.5492992,270.76813,4.200002
2025-07-19,8.317732,250.88766,67.14211,9.62571,3.4302585,4.401265,3.5641844,270.6626,4.1924295
2025-07-20,8.306271,251.16557,67.143364,9.615889,3.4073374,4.4060597,3.6004305,270.29916,4.2673345
2025-07-21,8.281679,251.32858,67.14416,9.61071,3.3069582,4.4079437,3.5978584,270.14172,4.3142557
2025-07-22,8.244813,251.50533,67.14377,9.601965,3.161234,4.412779,3.589487,269.90662,4.194024
2025-07-23,8.214156,250.34581,67.13813,9.588989,3.087656,4.391689,3.5952828,269.40915,4.4907627
2025-07-24,8.253942,246.48213,67.1231,9.575404,3.4014099,4.311604,3.5747461,269.1807,4.9197235
2025-07-25,8.263024,245.21727,67.11501,9.556011,3.5388536,4.279403,3.548078,268.78043,5.001586
2025-07-26,8.224628,241.46844,67.09628,9.552536,3.4457111,4.2072034,3.5607395,268.56613,5.279789
2025-07-27,8.195359,239.97841,67.08982,9.540763,3.3828874,4.1681714,3.551169,268.17075,5.2949777
2025-07-28,8.192816,237.30467,67.07446,9.534676,3.4454117,4.1085267,3.54802,268.08716,5.4269023
2025-07-29,8.037838,235.8721,67.06423,9.519766,2.8257384,4.090624,3.5577893,267.7093,5.23815
2025-07-30,8.038835,235.38142,67.061386,9.504173,2.895585,4.0816107,3.5430288,267.47067,5.1068687
2025-07-31,8.01353,234.22166,67.0535,9.498978,2.8247747,4.0534396,3.536218,267.23117,5.4504147
2025-08-01,8.126262,226.93402,67.01003,9.4714365,3.5707366,3.9186273,3.365669,266.37534,6.574499
2025-08-02,8.1283865,226.7423,67.00818,9.454502,3.64108,3.912317,3.3714342,265.9966,6.458756
2025-08-03,8.113749,227.15614,67.01231,9.444632,3.602366,3.9149084,3.3621988,265.76657,6.2823396
2025-08-04,8.112495,226.88177,67.01347,9.416627,3.6972096,3.9154387,3.343576,265.31708,6.2907114
2025-08-05,8.114257,227.16844,67.01269,9.406781,3.732685,3.912829,3.3214376,265.1162,6.104621
2025-08-06,8.109509,227.5112,67.0107,9.362985,3.853778,3.9132016,3.3132596,263.97653,6.062014
2025-08-07,8.113157,228.0682,67.01397,9.345255,3.919968,3.9262145,3.3198073,263.33063,6.05985
2025-08-08,8.127178,228.92587,67.01966,9.339295,3.9868255,3.943065,3.307594,263.2422,5.7982316
2025-08-09,8.127774,228.6208,67.01922,9.333799,4.0136933,3.938699,3.300154,262.75894,5.803468
2025-08-10,8.136898,227.8332,67.0173,9.318719,4.119164,3.9282253,3.300487,262.32373,6.057439
2025-08-11,8.191043,227.65749,67.015755,9.303495,4.4119625,3.9255521,3.2970037,261.9826,6.3233247
2025-08-12,8.170397,227.13756,67.01523,9.292442,4.367399,3.9158828,3.286091,261.6023,6.213582
2025-08-13,8.094103,227.09431,67.01649,9.274454,4.094326,3.9131486,3.2978098,261.1676,5.812641
2025-08-14,8.055357,227.84961,67.01731,9.261036,3.956217,3.933516,3.2868588,260.77884,5.650986
2025-08-15,7.9804325,229.18855,67.02454,9.251185,3.6351283,3.9643505,3.2799413,260.29007,5.3137846
2025-08-16,7.9980683,229.71951,67.02697,9.235359,3.75754,3.979284,3.27778,259.7997,5.3474226
2025-08-17,8.047373,229.8266,67.02971,9.218419,4.0321794,3.9813788,3.2693856,259.48602,5.3102636
2025-08-18,8.042438,230.5345,67.03325,9.201548,4.056137,3.9948225,3.2679403,258.96515,5.379496
2025-08-19,8.087874,230.9601,67.03596,9.182906,4.3151455,3.996024,3.2397223,258.36053,5.3465357
2025-08-20,8.040843,231.238,67.03707,9.130004,4.283884,4.0008183,3.253985,256.78262,5.4626017
2025-08-21,8.00537,231.59834,67.038185,9.114212,4.1746273,4.006462,3.2536793,256.15082,5.382857
2025-08-22,8.039947,231.7258,67.03811,9.103379,4.364057,4.010685,3.242327,256.0387,5.4497643
2025-08-23,8.029559,230.96674,67.03365,9.083355,4.398673,3.996754,3.2524967,255.46625,5.8827705
2025-08-24,8.0982,228.40076,67.02339,9.06316,4.809829,3.948559,3.2251391,254.92487,6.414087
2025-08-25,8.118791,228.0385,67.01856,9.042074,4.977212,3.9386218,3.1971016,254.30762,6.527202
2025-08-26,8.039637,226.84293,67.00795,9.018842,4.724721,3.906113,3.2177317,253.6957,6.5788956
2025-08-27,8.005792,225.64615,67.00604,9.003545,4.645809,3.8888712,3.2190018,253.06752,6.1811333
2025-08-28,7.9498744,223.7244,66.9982,8.978478,4.5150976,3.8584309,3.223099,252.55188,6.342905
2025-08-29,7.8184805,223.07947,66.99681,8.958622,4.0221496,3.856756,3.2152772,252.14833,6.0611587
2025-08-30,7.8014946,223.47151,67.001205,8.917682,4.0786357,3.8672981,3.1869164,251.306,5.82715
2025-08-31,7.660227,223.77716,67.00286,8.861518,3.6481383,3.8651247,3.1801918,249.08638,4.8240185
2025-09-01,7.4401693,224.46619,66.998604,8.818857,2.821136,3.8668256,3.2223754,248.46213,3.7883513
2025-09-02,7.443777,224.70248,66.99918,8.787972,2.9355989,3.8657463,3.237577,247.6919,3.6182618
2025-09-03,7.4600577,224.60959,66.99916,8.770362,3.0673645,3.8659465,3.243863,247.04665,3.9326122
2025-09-04,7.4848895,224.36896,66.999756,8.755321,3.2304652,3.8675876,3.243458,246.29659,4.725301
2025-09-05,7.4856443,224.32367,66.999954,8.7263155,3.331731,3.8605876,3.228458,245.54205,4.9054484
2025-09-06,7.473062,224.6825,67.00082,8.700253,3.357768,3.8779798,3.212567,244.81126,4.726736
2025-09-07,7.4769793,226.21043,67.01024,8.667547,3.4579086,3.9103687,3.2108636,243.9985,4.6749506
2025-09-08,7.4936633,227.81076,67.0127,8.64143,3.591812,3.9298472,3.1870308,243.16553,4.7894588
2025-09-09,7.4683123,227.44577,67.014084,8.610275,3.5924895,3.9241486,3.184068,242.29993,4.8549376
2025-09-10,7.464051,226.75058,67.01033,8.573849,3.7087016,3.917797,3.1585605,241.37083,4.9637003
2025-09-11,7.481875,226.76862,67.009674,8.535484,3.9163365,3.9076338,3.161552,240.36024,5.2300663
2025-09-12,7.422212,225.9845,67.00713,8.4977865,3.7947936,3.8956983,3.150722,239.12718,5.0437627
2025-09-13,7.3852386,225.13223,67.00339,8.470772,3.7378342,3.8827972,3.1627483,238.22556,5.0417633
2025-09-14,7.3438225,225.32567,67.00226,8.436071,3.6706378,3.8898315,3.1529207,237.25719,4.9989424
2025-09-15,7.2783103,226.43968,67.004944,8.39841,3.4929938,3.9002318,3.15454,236.28453,4.8904123
2025-09-16,7.276938,226.59947,67.00708,8.360384,3.6130257,3.902314,3.1444683,235.48384,4.956516
2025-09-17,7.2790327,226.6617,67.01183,8.324951,3.741303,3.9120307,3.1517267,234.50212,4.846646
2025-09-18,7.2400417,229.0547,67.02082,8.2934265,3.6399252,3.9598393,3.1451364,233.29523,4.579671
2025-09-19,7.2570972,229.82632,67.02673,8.256504,3.8302572,3.9737904,3.1242585,232.27844,4.542147
2025-09-20,7.223315,230.10423,67.03097,8.222817,3.792217,3.9766932,3.163001,231.26242,4.6098127
2025-09-21,7.1889906,231.02881,67.03754,8.182315,3.7657375,4.0007477,3.1557868,230.14357,4.668614
2025-09-22,7.205383,231.74487,67.039604,8.151446,3.9349983,4.0123706,3.1324096,229.27974,4.5886106
2025-09-23,7.1752024,231.44897,67.03871,8.119447,3.9152265,4.019403,3.1515808,228.40001,4.6355047
2025-09-24,7.2052984,231.3921,67.04033,8.077633,4.1944046,4.022685,3.1228998,227.20586,4.6415715
2025-09-25,7.2048903,230.95274,67.03768,8.033687,4.349589,4.015968,3.1051252,225.80896,4.629336
2025-09-26,7.1351438,232.23732,67.04409,8.008624,4.1094522,4.024413,3.1157522,225.14578,4.5016556
2025-09-27,7.108125,232.14299,67.043274,7.9607644,4.155793,4.0279655,3.1197176,223.84842,4.559489
2025-09-28,7.116924,230.81267,67.03999,7.9306116,4.3154697,3.9901922,3.122013,222.80656,4.9651136
2025-09-29,7.140312,231.85736,67.04181,7.8927865,4.5379567,4.005392,3.093671,221.74701,4.840247
2025-09-30,7.154831,231.67555,67.03962,7.8556166,4.7330556,4.0139847,3.0661626,220.92226,4.904681
2025-10-01,7.023836,233.07066,67.05299,7.798057,4.332706,4.0354624,3.1151319,219.20728,4.6181765
2025-10-02,6.989373,232.85265,67.05494,7.7745595,4.2627635,4.0271044,3.088699,218.57356,4.6349535
2025-10-03,6.964375,232.84047,67.05322,7.737973,4.278076,4.0242743,3.0892987,217.43558,4.8538055
2025-10-04,6.923194,232.93208,67.05374,7.6965337,4.236759,4.026536,3.0635664,216.27336,4.883504
2025-10-05,6.840012,233.41422,67.05971,7.6546774,4.004415,4.034409,3.0256875,215.06819,3.8756227
2025-10-06,6.775796,236.84814,67.06957,7.612941,3.8195198,4.0899673,2.9378176,213.87766,3.065349
2025-10-07,6.8013697,239.99075,67.08067,7.580315,4.014577,4.1778674,2.8891,212.90178,3.042005
2025-10-08,6.7846236,241.33064,67.086334,7.5355062,4.083464,4.194262,2.797241,211.59781,2.9514563
2025-10-09,6.7439713,241.11931,67.088165,7.48615,4.0765314,4.192971,2.8033586,210.36165,2.9574409
2025-10-10,6.740247,240.81625,67.0881,7.444881,4.210926,4.188489,2.7620382,209.21446,2.8921156
2025-10-11,6.734346,240.76451,67.0873,7.4064374,4.322325,4.186039,2.699444,208.05351,2.8855236
2025-10-12,6.634231,240.4467,67.08805,7.3567243,4.0447817,4.179645,2.619249,206.7193,2.6893966
2025-10-13,6.601504,240.10448,67.08586,7.3068714,4.0769506,4.1732163,2.60213,205.30247,2.5262392
2025-10-14,6.540539,240.77342,67.086075,7.2759676,3.9010682,4.1927714,2.6121097,204.40114,2.4472027
2025-10-15,6.5301485,241.63892,67.093666,7.2418795,3.9668372,4.2184143,2.622964,203.38817,2.413176
2025-10-16,6.5302906,242.9734,67.09635,7.183913,4.163354,4.252146,2.6247523,201.9893,2.4841418
2025-10-17,6.5180254,243.20981,67.09901,7.1467924,4.23897,4.253267,2.689133,200.86679,2.4651132
2025-10-18,6.4502277,243.60712,67.09988,7.114293,4.039329,4.2677145,2.6329725,199.91914,2.2928717
2025-10-19,6.4098597,244.32549,67.10089,7.0739303,3.99187,4.2708626,2.6571271,198.83029,2.239885
2025-10-20,6.3890686,244.6034,67.1036,7.032067,4.0452394,4.280728,2.6671908,197.73434,2.2816942
2025-10-21,6.315796,245.02596,67.105835,6.995627,3.8335025,4.2850842,2.6263866,196.59003,2.1845691
2025-10-22,6.33208,244.14203,67.10506,6.951163,4.0797257,4.2697453,2.5513592,195.37178,2.2548606
2025-10-23,6.2788825,243.89317,67.10226,6.9087605,3.989497,4.2703066,2.4812965,194.2626,2.3268836
2025-10-24,6.4076915,243.27133,67.09652,6.8650827,4.749333,4.2432375,2.3775046,192.94724,2.4621937
2025-10-25,6.509416,242.21454,67.0914,6.827944,5.3594627,4.2234263,2.3780506,192.11702,2.818284
2025-10-26,6.467014,242.00702,67.08768,6.786958,5.31287,4.209458,2.44271,190.88634,3.180315
2025-10-27,6.44057,242.04506,67.08873,6.7494597,5.326146,4.200537,2.4806402,189.96138,3.2745934
2025-10-28,6.3640656,240.16937,67.081985,6.714602,5.1090612,4.1636224,2.46258,189.27834,3.2865393
2025-10-29,6.290511,239.10776,67.078835,6.6731343,4.9266176,4.147835,2.4426713,187.68253,3.0671282
2025-10-30,6.274457,238.45401,67.0762,6.6078463,5.0892653,4.149499,2.3694358,185.98212,3.1027184
2025-10-31,6.1443663,237.96805,67.068245,6.603903,4.5138597,4.129902,2.3431644,185.70909,2.4300761
2025-11-01,6.180825,238.50415,67.07186,6.5741115,4.7823186,4.1446805,2.273541,184.89972,2.2083087
2025-11-02,6.126213,237.49817,67.06899,6.5399566,4.661104,4.1270494,2.2772589,183.75977,2.1490438
2025-11-03,6.139388,236.63261,67.0624,6.4883957,4.9078984,4.119868,2.2930799,182.25218,2.5177302
2025-11-04,6.150534,235.13594,67.05177,6.454113,5.0859504,4.0876846,2.2636983,181.54517,2.5527494
2025-11-05,6.0548267,234.37778,67.049614,6.4202576,4.7774324,4.0701346,2.2103462,180.56563,2.3562176
2025-11-06,6.0185986,232.61476,67.04604,6.3857,4.7449455,4.048366,2.168532,179.51917,2.227836
2025-11-07,6.004538,229.8468,67.02894,6.343688,4.8415685,3.9738255,2.056278,178.49037,2.2783284
2025-11-08,5.9740686,228.71162,67.02198,6.3173246,4.802714,3.9464364,2.0158873,177.776,2.1867273
2025-11-09,5.9786987,227.21687,67.015594,6.2865067,4.935076,3.918174,2.0080013,176.86804,2.2950673
2025-11-10,5.947595,225.42567,67.0055,6.2551594,4.912863,3.891161,1.9812496,175.92464,2.3047504
2025-11-11,5.9496036,221.45749,66.98327,6.2158637,5.0693054,3.81644,1.900947,175.08192,2.291879
2025-11-12,5.8051014,220.88332,66.979095,6.186605,4.546984,3.7908926,1.8899662,174.04709,2.2042549
2025-11-13,5.7138405,219.85353,66.97382,6.155676,4.263438,3.7724807,1.8800646,173.39384,2.028664
2025-11-14,5.622286,219.5007,66.96658,6.1226544,3.9821951,3.777573,1.8503344,172.47505,1.946816
2025-11-15,5.632396,217.03859,66.95655,6.0957193,4.1305423,3.7252824,1.7977852,171.70816,2.001197
2025-11-16,5.6583714,214.23697,66.943794,6.0551133,4.388698,3.6756697,1.6816069,170.64297,1.9983168
2025-11-17,5.6315503,213.01949,66.93318,6.0270996,4.3726873,3.6418931,1.6839248,170.02298,2.026128
2025-11-18,5.5536504,210.549,66.92257,5.9909134,4.1779513,3.6068914,1.6831787,169.08957,1.7568617
2025-11-19,5.3731823,210.51883,66.91716,5.9759617,3.4768615,3.6019802,1.706118,168.56679,1.6950208
2025-11-20,5.3637915,209.9978,66.913124,5.9520793,3.5175292,3.5854192,1.7006769,167.69257,1.7389205
2025-11-21,5.2558136,208.38956,66.898926,5.9206357,3.1849005,3.5497758,1.6846912,166.92264,1.690223
2025-11-22,5.1996737,207.10204,66.8877,5.8955636,3.0450149,3.5303075,1.6759447,166.36694,1.5936458
2025-11-23,5.152292,206.43466,66.88942,5.8754725,2.9204054,3.5140944,1.6999999,165.70227,1.6032696
2025-11-24,5.2076683,205.07693,66.87581,5.8514533,3.2334812,3.4828594,1.683776,165.20384,1.8004935
2025-11-25,5.2777004,202.60344,66.86422,5.8312287,3.6004689,3.4414997,1.6809217,164.48001,2.024418
2025-11-26,5.247077,201.419,66.851295,5.8071823,3.5595124,3.4082568,1.7170161,164.01219,2.33803
2025-11-27,5.2501884,201.0206,66.85119,5.790863,3.624387,3.395616,1.7496411,163.57307,2.5044336
2025-11-28,5.2837844,197.93434,66.83159,5.7706413,3.8418665,3.3340259,1.6614661,162.97083,2.6375473
2025-11-29,5.2996893,196.95448,66.825096,5.758362,3.9478362,3.3139365,1.6587142,162.60654,2.433793
2025-11-30,5.3904314,196.06026,66.81975,5.739797,4.3653345,3.3062751,1.5947481,161.91164,2.4442499
2025-12-01,5.6667852,184.83171,66.75763,5.7132316,5.538187,3.0911121,1.4146382,161.4866,3.4757123
2025-12-02,5.579412,183.76617,66.754684,5.6990547,5.2500525,3.0770674,1.4207098,161.06381,3.3224185
2025-12-03,5.7581425,181.94643,66.741745,5.680391,5.9701037,3.05639,1.415457,160.67027,3.9337296
2025-12-04,5.8271403,178.91003,66.72235,5.664042,6.264473,2.989194,1.3639027,160.25441,4.061043
2025-12-05,5.6721573,177.06497,66.71094,5.6544175,5.719242,2.953985,1.3471577,159.88907,3.852631
2025-12-06,5.6219306,175.55054,66.69896,5.638972,5.577078,2.9247048,1.3380278,159.53595,3.6387062
2025-12-07,5.531808,173.71242,66.67622,5.6264625,5.285202,2.8866885,1.2747619,159.2543,3.4975622
2025-12-08,5.5480013,166.3906,66.628075,5.6150374,5.3805933,2.7610636,1.1502621,158.98686,3.4186437
2025-12-09,5.6995497,165.52336,66.62053,5.599123,5.949066,2.723621,1.1266913,158.56136,3.645086
2025-12-10,5.698736,162.66246,66.59564,5.589478,5.965602,2.667125,1.089388,158.2933,3.6851027
2025-12-11,5.7156262,159.50232,66.57845,5.5789533,6.0430546,2.610508,1.0773997,158.07652,3.7042139
2025-12-12,5.743311,155.7878,66.55019,5.566507,6.1571927,2.549271,1.0502349,157.7685,3.8727248
2025-12-13,5.7764826,153.2456,66.52282,5.558592,6.278429,2.5022855,0.94721514,157.5789,3.867452
2025-12-14,5.7541256,149.45099,66.49724,5.5498834,6.213155,2.4333045,0.94328064,157.37723,3.844163
2025-12-15,5.76548,144.43874,66.46706,5.542089,6.2509284,2.3407645,0.93671364,157.28609,3.8897924
2025-12-16,5.8469505,143.30998,66.44997,5.5400095,6.5089173,2.3196833,0.90722996,157.21358,3.9951117
2025-12-17,5.9168553,139.76553,66.414665,5.538934,6.7121673,2.2433252,0.88573575,157.15808,4.119895
2025-12-18,5.821007,138.3655,66.40083,5.534485,6.418058,2.2129247,0.86889404,157.03627,4.0844836
2025-12-19,5.5363736,136.39827,66.38349,5.533987,5.5412784,2.1805227,0.8931761,157.09459,3.9676938
2025-12-20,5.4835324,134.59692,66.36974,5.533656,5.3818836,2.136636,0.95518374,157.14174,4.1150594
2025-12-21,5.2674074,133.10738,66.35446,5.5344596,4.731701,2.1081362,1.0194187,157.16093,4.095577
2025-12-22,5.1795807,133.05495,66.350334,5.535296,4.466251,2.110077,1.041429,157.25351,3.9483783
2025-12-23,5.140257,133.02303,66.35185,5.5353208,4.348228,2.1062627,1.0606052,157.26692,3.9680755
2025-12-24,5.304035,132.01692,66.34694,5.5374904,4.8395066,2.0964804,1.0461152,157.30292,4.246819
2025-12-25,5.347036,131.12599,66.34341,5.5403357,4.9649835,2.0895538,1.0478233,157.37112,4.2613487
2025-12-26,5.2583065,130.79538,66.33762,5.5454226,4.692209,2.0817194,1.0724932,157.57587,4.2646003
2025-12-27,5.253614,130.68109,66.338875,5.5477805,4.674134,2.0794034,1.0766093,157.73018,4.2743573
2025-12-28,5.1826324,130.08763,66.33088,5.5523314,4.4575815,2.0531282,1.062787,157.94762,4.037337
2025-12-29,5.218794,129.73277,66.32401,5.560457,4.550486,2.0484285,1.1177093,158.07542,4.114895
2025-12-30,5.327617,129.33804,66.32296,5.5728254,4.849432,2.040611,1.0532275,158.54579,4.1856937
2025-12-31,5.422842,128.47032,66.317375,5.5849805,5.1087456,2.0265574,0.9958548,158.61903,4.347845
