Date,Wl,Evaporation,Volume,V2,SurfaceArea,EvapVol,Initial_Conc,C2 (mg/l),Quantity_tonnes
01-01-2023,-0.01,5.3144603,34.74824717,34.5559234,36.18876741,0.192323768,175,175.974,6047.287
02-01-2023,0.02,5.051897,35.85166291,35.6626102,37.4221246,0.189052719,175.974,176.907,6240.957
03-01-2023,0.05,4.7306385,36.99684872,36.81243394,38.98306299,0.184414779,176.907,177.793,6442.176
04-01-2023,-0.13,4.648726,30.59537432,30.4396366,33.50116269,0.155737726,177.793,178.703,5326.936
05-01-2023,-0.12,4.5469656,30.93102221,30.77810612,33.63036005,0.15291609,178.703,179.591,5386.169
06-01-2023,-0.05,4.897763,33.32669941,33.15547754,34.95919839,0.171221868,179.591,180.518,5802.209
07-01-2023,-0.02,4.9268837,34.38812391,34.21154066,35.84075956,0.176583254,180.518,181.45,5987.02
08-01-2023,-0.03,5.002481,34.03133763,33.85364421,35.52105748,0.177693415,181.45,182.402,5924.388
09-01-2023,-0.03,5.1342564,34.03133763,33.84896341,35.52105748,0.182374217,182.402,183.385,5923.569
10-01-2023,-0.04,5.168062,33.67761461,33.49555514,35.22780309,0.182059471,183.385,184.382,5861.722
11-01-2023,0.26,5.1149163,47.34285124,47.01110217,64.85914112,0.331749078,184.382,185.683,8226.943
12-01-2023,0.24,5.0457525,46.08645168,45.77941632,60.85026181,0.307035361,185.683,186.928,8011.398
13-01-2023,0.07,5.0963664,37.78872925,37.58367553,40.23527809,0.205053719,186.928,187.948,6577.143
14-01-2023,0.08,5.1854534,38.19452456,37.98227375,40.93196769,0.212250811,187.948,188.998,6646.898
15-01-2023,0.04,5.1173606,36.60985465,36.41323167,38.42273392,0.196622985,188.998,190.019,6372.316
16-01-2023,0.02,5.118191,35.85166291,35.66012933,37.4221246,0.191533581,190.019,191.039,6240.523
17-01-2023,0.02,5.0728545,35.85166291,35.66182592,37.4221246,0.189836993,191.039,192.056,6240.82
18-01-2023,-0.03,5.11382,34.03133763,33.84968933,35.52105748,0.181648294,192.056,193.087,5923.696
19-01-2023,0.1,5.1695075,39.02828158,38.80868591,42.4790306,0.219595667,193.087,194.18,6791.52
20-01-2023,0.15,5.10338,41.26794691,41.02620909,47.36817859,0.241737815,194.18,195.324,7179.587
21-01-2023,0.15,5.1178465,41.26794691,41.02552384,47.36817859,0.242423067,195.324,196.478,7179.467
22-01-2023,0.11,5.2084327,39.45730239,39.23159694,43.33461942,0.225705449,196.478,197.608,6865.529
23-01-2023,0.21,5.2011642,44.34212124,44.05303675,55.58072595,0.289084482,197.608,198.905,7709.281
24-01-2023,0.11,5.1701603,39.45730239,39.23325546,43.33461942,0.224046929,198.905,200.041,6865.82
25-01-2023,0.04,5.1052675,36.60985465,36.41369632,38.42273392,0.196158335,200.041,201.119,6372.397
26-01-2023,-0.02,5.123552,34.38812391,34.20449191,35.84075956,0.183631995,201.119,202.198,5985.786
27-01-2023,-0.12,5.3339663,30.93102221,30.751639,33.63036005,0.179383207,202.198,203.378,5381.537
28-01-2023,0.05,5.349118,36.99684872,36.78832372,38.98306299,0.208525004,203.378,204.531,6437.957
29-01-2023,0.17,5.1490164,42.23906689,41.98268471,49.79245715,0.256382178,204.531,205.78,7346.97
30-01-2023,0.03,5.0473046,36.22825818,36.03694935,37.90316635,0.191308826,205.78,206.872,6306.466
31-01-2023,-0.16,5.046641,29.59544085,29.42801921,33.17486669,0.167421642,206.872,208.049,5149.903
01-02-2023,-0.19,5.338172,28.60420919,28.42849782,32.91601785,0.175711365,208.049,209.335,4974.987
02-02-2023,-0.08,5.7001495,32.2885081,32.09308311,34.28418609,0.195424986,209.335,210.61,5616.29
03-02-2023,-0.05,5.7668824,33.32669941,33.12509382,34.95919839,0.201605586,210.61,211.891,5796.891
04-02-2023,-0.01,5.7587748,34.74824717,34.5398442,36.18876741,0.208402962,211.891,213.17,6044.473
05-02-2023,0.14,5.775151,40.79985101,40.53267871,46.2623932,0.267172306,213.17,214.575,7093.219
06-02-2023,0.18,5.926427,42.74355033,42.44060807,51.11718429,0.302942261,214.575,216.107,7427.106
07-02-2023,0.08,5.9240355,38.19452456,37.95204213,40.93196769,0.24248243,216.107,217.487,6641.607
08-02-2023,0.22,5.9313855,44.90616373,44.56663353,57.24298249,0.339530196,217.487,219.144,7799.161
09-02-2023,0.47,5.966166,67.62972039,66.79603222,139.7359995,0.833688169,219.144,221.879,11689.306
10-02-2023,0.77,5.984268,127.7203,126.1405131,263.99,1.579786909,221.879,224.658,22074.59
11-02-2023,0.62,6.0094347,88.1218,86.53536933,263.99,1.586430666,224.658,228.777,15143.69
12-02-2023,0.4,5.9470243,59.05138624,58.41557437,106.9126064,0.635811868,228.777,231.267,10222.726
13-02-2023,0.35,6.0437036,54.17705868,53.64084702,88.72236279,0.536211663,231.267,233.579,9387.148
14-02-2023,0.44,6.1876054,63.67037699,62.89988275,124.5222005,0.77049424,233.579,236.44,11007.479
15-02-2023,0.43,6.1942816,62.44870362,61.70635517,119.8441559,0.74234845,236.44,239.284,10798.612
16-02-2023,0.5,6.2065997,72.0734375,71.09999363,156.840125,0.973443873,239.284,242.561,12442.499
17-02-2023,0.5,6.267517,72.0734375,71.09043935,156.840125,0.98299815,242.561,245.915,12440.827
18-02-2023,0.48,6.368564,69.05432047,68.12948079,145.2194993,0.924839675,245.915,249.253,11922.659
19-02-2023,0.61,6.601531,85.4819,83.73916183,263.99,1.742738169,249.253,254.44,14654.353
20-02-2023,0.85,6.580234,148.8395,147.102384,263.99,1.737115974,254.44,257.445,25742.917
21-02-2023,0.98,6.578351,183.1582,181.4215811,263.99,1.73661888,257.445,259.909,31748.777
22-02-2023,1.11,6.6161575,217.4769,215.7303006,263.99,1.746599418,259.909,262.013,37752.803
23-02-2023,1.13,6.6126204,222.7567,221.0110343,263.99,1.745665659,262.013,264.083,38676.931
24-02-2023,1.14,6.590448,225.3966,223.6567876,263.99,1.739812368,264.083,266.137,39139.938
25-02-2023,1.2,6.6053877,241.236,239.4922437,263.99,1.743756299,266.137,268.075,41911.143
26-02-2023,1.11,6.6518564,217.4769,215.7208764,263.99,1.756023571,268.075,270.257,37751.153
27-02-2023,1.08,6.7934,209.5572,207.7638103,263.99,1.793389666,270.257,272.59,36358.667
28-02-2023,1.12,6.8681765,220.1168,218.3036701,263.99,1.813129914,272.59,274.854,38203.142
01-03-2023,0.98,6.931499,183.1582,181.3283536,263.99,1.829846421,274.854,277.628,31732.462
02-03-2023,0.83,7.1932826,143.5597,141.6607453,263.99,1.898954674,277.628,281.349,24790.63
03-03-2023,0.72,7.2205067,114.5208,112.6146584,263.99,1.906141564,281.349,286.111,19707.565
04-03-2023,0.72,7.1517453,114.5208,112.6328108,263.99,1.887989242,286.111,290.907,19710.742
05-03-2023,0.61,7.1379557,85.4819,83.59755107,263.99,1.884348925,290.907,297.465,14629.571
06-03-2023,0.58,7.273018,86.75693936,85.20812996,212.9527801,1.548809403,297.465,302.872,14911.423
07-03-2023,0.63,7.2325907,90.7617,88.85236838,263.99,1.909331619,302.872,309.38,15549.164
08-03-2023,0.57,7.365996,84.66726749,83.15703363,205.0277867,1.510233857,309.38,314.999,14552.481
09-03-2023,0.47,7.446026,67.62972039,66.58924251,139.7359995,1.040477885,314.999,319.921,11653.117
10-03-2023,0.52,7.449722,75.33400547,74.07222515,169.372807,1.261780327,319.921,325.37,12962.639
11-03-2023,0.61,7.5760508,85.4819,83.48189835,263.99,2.000001651,325.37,333.165,14609.332
12-03-2023,0.61,7.477393,85.4819,83.50794302,263.99,1.973956978,333.165,341.041,14613.89
13-03-2023,0.66,7.7430263,98.6814,96.63731849,263.99,2.044081513,341.041,348.254,16911.531
14-03-2023,0.73,7.9068604,117.1607,115.0733679,263.99,2.087332077,348.254,354.571,20137.839
15-03-2023,0.7,7.988184,109.241,107.1321993,263.99,2.108800694,354.571,361.551,18748.135
16-03-2023,0.81,7.997594,138.2799,136.1686152,263.99,2.11128484,361.551,367.157,23829.508
17-03-2023,0.86,8.048569,151.4794,149.3546583,263.99,2.12474173,367.157,372.38,26137.065
18-03-2023,0.7,8.068623,109.241,107.1109642,263.99,2.130035786,372.38,379.785,18744.419
19-03-2023,0.7,8.132742,109.241,107.0940374,263.99,2.146962561,379.785,387.399,18741.457
20-03-2023,0.69,8.201481,106.6011,104.435991,263.99,2.165108969,387.399,395.43,18276.298
21-03-2023,0.83,8.125194,143.5597,141.41473,263.99,2.144969964,395.43,401.428,24747.578
22-03-2023,0.9,8.106666,162.039,159.8989212,263.99,2.140078757,401.428,406.801,27982.311
23-03-2023,1.07,8.160105,206.9173,204.7631139,263.99,2.154186119,406.801,411.08,35833.545
24-03-2023,1.41,8.114761,296.6739,294.5316842,263.99,2.142215756,411.08,414.07,51543.045
25-03-2023,1.33,8.104863,275.5547,273.4150972,263.99,2.139602783,414.07,417.31,47847.642
26-03-2023,1.29,8.242283,264.9951,262.8192197,263.99,2.175880289,417.31,420.765,45993.363
27-03-2023,1.29,8.49133,264.9951,262.7534738,263.99,2.241626207,420.765,424.355,45981.858
28-03-2023,1.35,8.655206,280.8345,278.5496122,263.99,2.284887832,424.355,427.836,48746.182
29-03-2023,1.38,8.575353,288.7542,286.4903926,263.99,2.263807438,427.836,431.217,50135.819
30-03-2023,1.42,8.403588,299.3138,297.0953368,263.99,2.218463196,431.217,434.437,51991.684
31-03-2023,1.45,8.253767,307.2335,305.054588,263.99,2.17891195,434.437,437.54,53384.553
01-04-2023,1.48,8.6065,315.1532,312.8811701,263.99,2.272029935,437.54,440.717,54754.205
02-04-2023,1.46,8.770567,309.8734,307.558058,263.99,2.315341982,440.717,444.035,53822.66
03-04-2023,1.6,8.759319,346.832,344.5196274,263.99,2.312372623,444.035,447.015,60290.935
04-04-2023,1.64,8.8306675,357.3916,355.0603921,263.99,2.331207913,447.015,449.95,62135.569
05-04-2023,1.64,8.874227,357.3916,355.0488928,263.99,2.342707186,449.95,452.919,62133.556
06-04-2023,1.51,8.921631,323.0729,320.7176786,263.99,2.355221368,452.919,456.245,56125.594
07-04-2023,1.47,8.927705,312.5133,310.1564752,263.99,2.356824843,456.245,459.712,54277.383
08-04-2023,1.47,8.94975,312.5133,310.1506555,263.99,2.362644503,459.712,463.214,54276.365
09-04-2023,1.52,8.944331,325.7128,323.3515861,263.99,2.361213941,463.214,466.596,56586.528
10-04-2023,1.43,8.94346,301.9537,299.592716,263.99,2.360984005,466.596,470.273,52428.725
11-04-2023,1.52,8.995089,325.7128,323.3381865,263.99,2.374613545,470.273,473.727,56584.183
12-04-2023,1.57,9.03014,338.9123,336.5284333,263.99,2.383866659,473.727,477.083,58892.476
13-04-2023,1.64,9.101862,357.3916,354.9887995,263.99,2.402800549,477.083,480.312,62123.04
14-04-2023,1.63,9.161054,354.7517,352.3332734,263.99,2.418426645,480.312,483.609,61658.323
15-04-2023,1.55,9.128696,333.6325,331.2226155,263.99,2.409884457,483.609,487.128,57963.958
16-04-2023,1.58,9.081173,341.5522,339.1548611,263.99,2.39733886,487.128,490.571,59352.101
17-04-2023,1.68,9.077959,367.9512,365.5547096,263.99,2.396490396,490.571,493.787,63972.074
18-04-2023,1.82,9.074572,404.9098,402.5142037,263.99,2.395596262,493.787,496.726,70439.986
19-04-2023,1.96,9.131067,441.8684,439.4578896,263.99,2.410510377,496.726,499.45,76905.131
20-04-2023,2.01,9.181105,455.0679,452.6441801,263.99,2.423719909,499.45,502.125,79212.732
21-04-2023,2.01,9.178104,455.0679,452.6449723,263.99,2.422927675,502.125,504.813,79212.87
22-04-2023,2.08,9.164932,473.5472,471.1277496,263.99,2.419450399,504.813,507.405,82447.356
23-04-2023,2.05,9.2240505,465.6275,463.1924429,263.99,2.435057091,507.405,510.072,81058.678
24-04-2023,1.76,9.213837,389.0704,386.6380392,263.99,2.43236083,510.072,513.281,67661.657
25-04-2023,1.68,9.224863,367.9512,365.5159284,263.99,2.435271583,513.281,516.701,63965.287
26-04-2023,1.72,9.235407,378.5108,376.0727449,263.99,2.438055094,516.701,520.051,65812.73
27-04-2023,1.61,9.258854,349.4719,347.0276551,263.99,2.444244867,520.051,523.714,60729.84
28-04-2023,1.43,9.316957,301.9537,299.4941165,263.99,2.459583478,523.714,528.015,52411.47
29-04-2023,1.26,9.320406,257.0754,254.614906,263.99,2.46049398,528.015,533.117,44557.609
30-04-2023,1.24,9.26137,251.7956,249.3506909,263.99,2.444909066,533.117,538.345,43636.371
01-05-2023,1.17,9.493528,233.3163,230.8101035,263.99,2.506196457,538.345,544.19,40391.768
02-05-2023,1.22,9.48934,246.5158,244.0107091,263.99,2.505090867,544.19,549.777,42701.874
03-05-2023,1.26,9.325507,257.0754,254.6135594,263.99,2.461840593,549.777,555.093,44557.373
04-05-2023,1.24,9.299775,251.7956,249.3405524,263.99,2.455047602,555.093,560.558,43634.597
05-05-2023,1.29,9.286782,264.9951,262.5434824,263.99,2.45161758,560.558,565.793,45945.109
06-05-2023,1.41,9.311751,296.6739,294.2156909,263.99,2.458209146,565.793,570.52,51487.746
07-05-2023,1.55,9.306882,333.6325,331.1755762,263.99,2.456923779,570.52,574.752,57955.726
08-05-2023,1.63,9.326883,354.7517,352.2894962,263.99,2.462203843,574.752,578.769,61650.662
09-05-2023,1.64,9.31631,357.3916,354.9321873,263.99,2.459412677,578.769,582.78,62113.133
10-05-2023,1.69,9.314177,370.5911,368.1322504,263.99,2.458849586,582.78,586.672,64423.144
11-05-2023,1.78,9.344048,394.3502,391.8834648,263.99,2.466735232,586.672,590.365,68579.606
12-05-2023,1.83,9.333241,407.5497,405.0858177,263.99,2.463882292,590.365,593.956,70890.018
13-05-2023,1.9,9.357392,426.029,423.5587421,263.99,2.470257914,593.956,597.42,74122.78
14-05-2023,2.07,9.415593,470.9073,468.4216776,263.99,2.485622396,597.42,600.59,81973.794
15-05-2023,2.16,9.399505,494.6664,492.1850247,263.99,2.481375325,600.59,603.618,86132.379
16-05-2023,2.37,9.346941,550.1043,547.636801,263.99,2.467498955,603.618,606.338,95836.44
17-05-2023,2.55,9.365593,597.6225,595.1500771,263.99,2.472422896,606.338,608.857,104151.263
18-05-2023,2.65,9.354807,624.0215,621.5519245,263.99,2.4695755,608.857,611.276,108771.587
19-05-2023,2.54,9.347445,594.9826,592.514968,263.99,2.467632006,611.276,613.822,103690.119
20-05-2023,2.57,9.445819,602.9023,600.4086982,263.99,2.493601758,613.822,616.371,105071.522
21-05-2023,2.61,9.432902,613.4619,610.9717082,263.99,2.490191799,616.371,618.883,106920.049
22-05-2023,2.61,9.342556,613.4619,610.9955586,263.99,2.466341358,618.883,621.381,106924.223
23-05-2023,2.7,9.33126,637.221,634.7576407,263.99,2.463359327,621.381,623.793,111082.587
24-05-2023,2.91,9.308985,692.6589,690.201421,263.99,2.45747895,623.793,626.014,120785.249
25-05-2023,3.19,9.311593,766.5761,764.1179326,263.99,2.458167436,626.014,628.028,133720.638
26-05-2023,3.49,9.291869,845.7731,843.3201395,263.99,2.452960497,628.028,629.855,147581.024
27-05-2023,3.55,9.29297,861.6125,859.1592488,263.99,2.45325115,629.855,631.653,150352.869
28-05-2023,3.35,9.295354,808.8145,806.3606195,263.99,2.453880502,631.653,633.575,141113.108
29-05-2023,2.92,9.243642,695.2988,692.8585709,263.99,2.440229052,633.575,635.807,121250.25
30-05-2023,2.62,9.261001,616.1018,613.6569883,263.99,2.444811654,635.807,638.34,107389.973
31-05-2023,2.6,9.236822,610.822,608.3835714,263.99,2.43842864,638.34,640.898,106467.125
01-06-2023,2.74,9.388482,647.7806,645.3021346,263.99,2.478465363,640.898,643.36,112927.874
02-06-2023,2.81,9.359236,666.2599,663.7891553,263.99,2.470744712,643.36,645.754,116163.102
03-06-2023,2.76,9.352641,653.0604,650.5913963,263.99,2.469003698,645.754,648.205,113853.494
04-06-2023,2.69,9.317003,634.5811,632.1215044,263.99,2.459595622,648.205,650.727,110621.263
05-06-2023,2.68,9.30218,631.9412,629.4855175,263.99,2.455682498,650.727,653.266,110159.966
06-06-2023,2.69,9.343914,634.5811,632.1144001,263.99,2.466699857,653.266,655.815,110620.02
07-06-2023,2.53,9.383289,592.3427,589.8656055,263.99,2.477094463,655.815,658.569,103226.481
08-06-2023,2.53,9.41692,592.3427,589.8567273,263.99,2.485972711,658.569,661.345,103224.927
09-06-2023,2.63,9.406062,618.7417,616.2585937,263.99,2.483106307,661.345,664.009,107845.254
10-06-2023,2.42,9.401003,563.3038,560.8220292,263.99,2.481770782,664.009,666.948,98143.855
11-06-2023,1.94,9.409302,436.5886,434.1046384,263.99,2.483961635,666.948,670.764,75968.312
12-06-2023,1.1,9.2959385,214.837,212.3829652,263.99,2.454034805,670.764,678.515,37167.019
13-06-2023,0.39,9.275053,58.00220434,57.04731988,102.9519143,0.954884461,678.515,689.872,9983.281
14-06-2023,-0.08,9.262771,32.2885081,31.97094153,34.28418609,0.317566565,689.872,696.724,5594.915
15-06-2023,-0.95,9.29193,8.448508234,8.295944333,16.41896799,0.152563901,696.724,709.537,1451.79
16-06-2023,1.1,9.168375,214.837,212.4166407,263.99,2.420359316,709.537,717.622,37172.912
17-06-2023,1.28,9.131483,262.3552,259.9445798,263.99,2.410620197,717.622,724.277,45490.301
18-06-2023,1.45,9.102332,307.2335,304.8305754,263.99,2.402924625,724.277,729.986,53345.351
19-06-2023,1.61,9.114398,349.4719,347.0657901,263.99,2.406109928,729.986,735.047,60736.513
20-06-2023,1.74,9.111177,383.7906,381.3853404,263.99,2.405259616,735.047,739.683,66742.435
21-06-2023,1.88,9.0742855,420.7492,418.3536794,263.99,2.395520629,739.683,743.918,73211.894
22-06-2023,2.01,9.022235,455.0679,452.6861202,263.99,2.381779818,743.918,747.832,79220.071
23-06-2023,2.05,9.002508,465.6275,463.2509279,263.99,2.376572087,747.832,751.669,81068.912
24-06-2023,2.05,9.139775,465.6275,463.2146908,263.99,2.412809202,751.669,755.584,81062.571
25-06-2023,1.98,9.174282,447.1482,444.7262813,263.99,2.421918705,755.584,759.699,77827.099
26-06-2023,1.91,9.174705,428.6689,426.2468696,263.99,2.422030373,759.699,764.016,74593.202
27-06-2023,1.83,9.186781,407.5497,405.1244817,263.99,2.425218316,764.016,768.589,70896.784
28-06-2023,1.79,9.173149,396.9901,394.5684804,263.99,2.421619605,768.589,773.307,69049.484
29-06-2023,1.94,9.150214,436.5886,434.173035,263.99,2.415564994,773.307,777.609,75980.281
30-06-2023,2.13,9.129311,486.7467,484.3366532,263.99,2.410046811,777.609,781.478,84758.914
01-07-2023,2.06,8.992316,468.2674,465.8935185,263.99,2.373881501,781.478,785.46,81531.366
02-07-2023,1.88,8.697229,420.7492,418.4532185,263.99,2.295981484,785.46,789.77,73229.313
03-07-2023,1.82,8.521143,404.9098,402.6603035,263.99,2.249496541,789.77,794.182,70465.553
04-07-2023,1.9,8.473834,426.029,423.7919926,263.99,2.237007438,794.182,798.374,74163.599
05-07-2023,1.93,8.355862,433.9487,431.742836,263.99,2.205864009,798.374,802.453,75554.996
06-07-2023,1.84,8.337399,410.1896,407.98861,263.99,2.200989962,802.453,806.782,71398.007
07-07-2023,1.71,8.339031,375.8709,373.6694792,263.99,2.201420794,806.782,811.535,65392.159
08-07-2023,1.65,8.365085,360.0315,357.8232012,263.99,2.208298789,811.535,816.544,62619.06
09-07-2023,1.72,8.332844,378.5108,376.3110125,263.99,2.199787488,816.544,821.317,65854.427
10-07-2023,1.77,8.321255,391.7103,389.5135719,263.99,2.196728107,821.317,825.949,68164.875
11-07-2023,1.83,8.320815,407.5497,405.353088,263.99,2.196611952,825.949,830.425,70936.79
12-07-2023,1.84,8.242412,410.1896,408.0136857,263.99,2.175914344,830.425,834.853,71402.395
13-07-2023,1.82,8.2467,404.9098,402.7327537,263.99,2.177046333,834.853,839.366,70478.232
14-07-2023,1.9,8.25871,426.029,423.8487831,263.99,2.180216853,839.366,843.684,74173.537
15-07-2023,2.09,8.249139,476.1871,474.0094098,263.99,2.177690205,843.684,847.56,82951.647
16-07-2023,2.2,8.206715,505.226,503.0595093,263.99,2.166490693,847.56,851.21,88035.414
17-07-2023,2.19,8.237061,502.5861,500.4115983,263.99,2.174501733,851.21,854.909,87572.03
18-07-2023,2.24,8.269844,515.7856,513.6024439,263.99,2.183156118,854.909,858.543,89880.428
19-07-2023,2.25,8.313318,518.4255,516.2308672,263.99,2.194632819,858.543,862.193,90340.402
20-07-2023,2.06,8.385749,468.2674,466.0536461,263.99,2.213753879,862.193,866.288,81559.388
21-07-2023,1.89,8.353422,423.3891,421.1838801,263.99,2.205219874,866.288,870.824,73707.179
22-07-2023,1.78,8.280723,394.3502,392.1641719,263.99,2.186028065,870.824,875.678,68628.73
23-07-2023,1.5,8.258003,320.433,318.2529698,263.99,2.180030212,875.678,881.676,55694.27
24-07-2023,1.35,8.249121,280.8345,278.6568145,263.99,2.177685453,881.676,888.567,48764.943
25-07-2023,1.36,8.256222,283.4744,281.29484,263.99,2.179560046,888.567,895.452,49226.597
26-07-2023,1.37,8.23528,286.1143,283.9402684,263.99,2.174031567,895.452,902.308,49689.547
27-07-2023,1.61,8.262456,349.4719,347.2906942,263.99,2.181205759,902.308,907.975,60775.871
28-07-2023,1.86,8.307901,415.4694,413.2761972,263.99,2.193202785,907.975,912.793,72323.335
29-07-2023,2.05,8.297047,465.6275,463.4371626,263.99,2.190337438,912.793,917.107,81101.503
30-07-2023,2.19,8.293995,502.5861,500.3965683,263.99,2.18953174,917.107,921.12,87569.399
31-07-2023,2.39,8.296099,555.3841,553.1940128,263.99,2.190087175,921.12,924.767,96808.952
01-08-2023,2.59,8.277748,608.1821,605.9968573,263.99,2.185242695,924.767,928.102,106049.45
02-08-2023,2.86,8.060364,679.4594,677.3315445,263.99,2.127855492,928.102,931.017,118533.02
03-08-2023,2.96,7.9807916,705.8584,703.7515508,263.99,2.106849174,931.017,933.805,123156.521
04-08-2023,2.86,7.9251804,679.4594,677.3672316,263.99,2.092168374,933.805,936.689,118539.266
05-08-2023,2.83,7.867058,671.5397,669.4628754,263.99,2.076824641,936.689,939.595,117156.003
06-08-2023,3.1,7.8117976,742.817,740.7547636,263.99,2.062236448,939.595,942.21,129632.084
07-08-2023,3.45,7.7653437,835.2135,833.1635269,263.99,2.049973083,942.21,944.529,145803.617
08-08-2023,3.49,7.802309,845.7731,843.7133684,263.99,2.059731553,944.529,946.835,147649.839
09-08-2023,3.43,7.8305883,829.9337,827.866503,263.99,2.067197005,946.835,949.199,144876.638
10-08-2023,3.3,7.8323307,795.615,793.547343,263.99,2.067656981,949.199,951.672,138870.785
11-08-2023,3.15,7.8334193,756.0165,753.9485556,263.99,2.067944361,951.672,954.282,131940.997
12-08-2023,3.26,7.778273,785.0554,783.0020137,263.99,2.053386289,954.282,956.785,137025.352
13-08-2023,3.35,7.8241043,808.8145,806.7490147,263.99,2.065485294,956.785,959.234,141181.078
14-08-2023,3.28,7.852366,790.3352,788.2622539,263.99,2.0729461,959.234,961.757,137945.894
15-08-2023,3,7.8200865,716.418,714.3535754,263.99,2.064424635,961.757,964.536,125011.876
16-08-2023,2.87,7.766405,682.0993,680.0490467,263.99,2.050253256,964.536,967.444,119008.583
17-08-2023,3.07,7.740336,734.8973,732.8539287,263.99,2.043371301,967.444,970.142,128249.438
18-08-2023,3.13,7.7792196,750.7367,748.6830638,263.99,2.053636182,970.142,972.803,131019.536
19-08-2023,3.03,7.797072,724.3377,722.279351,263.99,2.058349037,972.803,975.575,126398.886
20-08-2023,2.8,7.8117113,663.62,661.5577863,263.99,2.062213666,975.575,978.616,115772.613
21-08-2023,2.74,7.8174458,647.7806,645.7168725,263.99,2.063727517,978.616,981.744,113000.453
22-08-2023,2.69,7.7617207,634.5811,632.5320834,263.99,2.049016648,981.744,984.924,110693.115
23-08-2023,2.84,7.7801986,674.1796,672.1257054,263.99,2.053894628,984.924,987.934,117621.998
24-08-2023,3.02,7.796725,721.6978,719.6395426,263.99,2.058257433,987.934,990.76,125936.92
25-08-2023,3.02,7.7853656,721.6978,719.6425413,263.99,2.055258665,990.76,993.589,125937.445
26-08-2023,3.01,7.7320633,719.0579,717.0167126,263.99,2.041187391,993.589,996.418,125477.925
27-08-2023,3.08,7.6617327,737.5372,735.5145792,263.99,2.022620815,996.418,999.158,128715.051
28-08-2023,3.17,7.5540066,761.2963,759.3021178,263.99,1.994182202,999.158,1001.782,132877.871
29-08-2023,2.98,7.523347,711.1382,709.1521116,263.99,1.986088375,1001.782,1004.588,124101.62
30-08-2023,2.72,7.521852,642.5008,640.5151063,263.99,1.985693709,1004.588,1007.702,112090.144
31-08-2023,2.53,7.4828267,592.3427,590.3673086,263.99,1.975391421,1007.702,1011.074,103314.279
01-09-2023,2.259720375,7.6499553,520.9915818,518.9720701,263.99,2.0195117,1011.074,1015.008,90820.112
02-09-2023,2.2449555,7.5961423,517.0938024,515.0884968,263.99,2.005305606,1015.008,1018.96,90140.487
03-09-2023,2.205511167,7.633703,506.680893,504.6656717,263.99,2.015221255,1018.96,1023.029,88316.493
04-09-2023,2.233222708,7.6249166,513.9964627,511.983561,263.99,2.012901733,1023.029,1027.051,89597.123
05-09-2023,2.104472167,7.5941024,480.0076074,478.0028403,263.99,2.004767093,1027.051,1031.358,83650.497
06-09-2023,2.074941167,7.51739,472.2117187,470.2272029,263.99,1.984515786,1031.358,1035.711,82289.761
07-09-2023,2.275860417,7.428354,525.2523915,523.2913803,263.99,1.961011172,1035.711,1039.592,91575.992
08-09-2023,2.435996667,7.4157386,567.5267601,565.5690793,263.99,1.957680833,1039.592,1043.191,98974.589
09-09-2023,2.521907667,7.410469,590.206405,588.2501153,263.99,1.956289711,1043.191,1046.66,102943.77
10-09-2023,2.475750292,7.3835177,578.0213196,576.0721447,263.99,1.949174838,1046.66,1050.201,100812.625
11-09-2023,2.491007875,7.3541675,582.0491689,580.1077422,263.99,1.941426678,1050.201,1053.716,101518.855
12-09-2023,2.418510708,7.2408824,562.9106418,560.9991213,263.99,1.911520545,1053.716,1057.306,98174.846
13-09-2023,2.3163965,7.2997894,535.953512,534.0264406,263.99,1.927071404,1057.306,1061.122,93454.627
14-09-2023,2.1674465,7.370088,496.6322015,494.686572,263.99,1.945629531,1061.122,1065.295,86570.15
15-09-2023,2.07232,7.3944283,471.5197568,469.5677017,263.99,1.952055127,1065.295,1069.724,82174.348
16-09-2023,2.10239,7.3643293,479.4579361,477.5138268,263.99,1.944109292,1069.724,1074.079,83564.92
17-09-2023,2.248759208,7.343324,518.0979433,516.1593792,263.99,1.938564103,1074.079,1078.113,90327.891
18-09-2023,2.309601292,7.3947325,534.1596451,532.2075096,263.99,1.952135433,1078.113,1082.067,93136.314
19-09-2023,2.297146333,7.4368753,530.8716604,528.9083997,263.99,1.96326071,1082.067,1086.084,92558.97
20-09-2023,2.009050458,7.4758835,454.8172304,452.8436719,263.99,1.973558485,1086.084,1090.817,79247.643
21-09-2023,1.515743833,7.5675607,324.5892145,322.5914541,263.99,1.997760349,1090.817,1097.573,56453.504
22-09-2023,1.404049083,7.529332,295.1029174,293.1152491,263.99,1.987668355,1097.573,1105.015,51295.169
23-09-2023,1.485654708,7.4871626,316.6459864,314.6694503,263.99,1.976536055,1105.015,1111.956,55067.154
24-09-2023,1.579043208,7.405216,341.2996165,339.3447135,263.99,1.954902972,1111.956,1118.362,59385.325
25-09-2023,1.505592417,7.354414,321.9093422,319.9678504,263.99,1.941491752,1118.362,1125.148,55994.374
26-09-2023,1.354937125,7.3110385,282.1378516,280.2078106,263.99,1.930041054,1125.148,1132.898,49036.367
27-09-2023,1.347819458,7.2192836,280.2588587,278.35304,263.99,1.905818678,1132.898,1140.655,48711.782
28-09-2023,1.347633583,7.2761126,280.2097896,278.2889686,263.99,1.920820965,1140.655,1148.528,48700.57
29-09-2023,1.374865667,7.389245,287.3987874,285.4481006,263.99,1.950686788,1148.528,1156.377,49953.418
30-09-2023,1.374816292,7.3639865,287.3857529,285.4417341,263.99,1.944018796,1156.377,1164.252,49952.303
01-10-2023,1.322981542,7.147502,273.7018973,271.8150282,263.99,1.886869053,1164.252,1172.334,47567.63
02-10-2023,1.337934792,7.092026,277.6494057,275.7771818,263.99,1.872223944,1172.334,1180.293,48261.007
03-10-2023,1.391477333,7.067295,291.7841011,289.9184059,263.99,1.865695207,1180.293,1187.888,50735.721
04-10-2023,1.456238417,7.0305204,308.8803797,307.0243926,263.99,1.85598708,1187.888,1195.069,53729.269
05-10-2023,1.508625083,7.0027895,322.7099357,320.8612693,263.99,1.8486664,1195.069,1201.955,56150.722
06-10-2023,1.593837208,6.982665,345.2050845,343.3617308,263.99,1.843353733,1201.955,1208.408,60088.303
07-10-2023,1.640881208,6.9294176,357.6242301,355.7949331,263.99,1.829296952,1208.408,1214.62,62264.113
08-10-2023,1.66997625,6.9386015,365.3050302,363.4733088,263.99,1.83172141,1214.62,1220.742,63607.829
09-10-2023,1.787972042,6.9016256,396.4547394,394.6327792,263.99,1.821960142,1220.742,1226.378,69060.736
10-10-2023,1.810813833,6.8744392,402.4847438,400.6699606,263.99,1.814783204,1226.378,1231.932,70117.243
11-10-2023,1.637461458,6.8464155,356.7214503,354.9140651,263.99,1.807385228,1231.932,1238.206,62109.961
12-10-2023,1.556398917,6.768825,335.3217501,333.534848,263.99,1.786902112,1238.206,1244.839,58368.598
13-10-2023,1.503381625,6.817189,321.3257152,319.5260455,263.99,1.799669724,1244.839,1251.851,55917.058
14-10-2023,1.515331625,6.957138,324.4803957,322.6437808,263.99,1.836614861,1251.851,1258.977,56462.662
15-10-2023,1.576023708,6.998815,340.5024987,338.6548815,263.99,1.847617172,1258.977,1265.845,59264.604
16-10-2023,1.618861458,6.782768,351.8112363,350.0206534,263.99,1.790582924,1265.845,1272.321,61253.614
17-10-2023,1.601396042,6.6358147,347.2005411,345.4487524,263.99,1.751788723,1272.321,1278.773,60453.532
18-10-2023,1.420553792,6.690748,299.4599956,297.693705,263.99,1.766290565,1278.773,1286.36,52096.398
19-10-2023,1.312961,6.661256,271.0565744,269.2980694,263.99,1.758504971,1286.36,1294.76,47127.162
20-10-2023,1.259120542,6.722337,256.8432319,255.0686021,263.99,1.774629745,1294.76,1303.769,44637.005
21-10-2023,1.155304042,6.7560406,229.436714,227.6531869,263.99,1.783527158,1303.769,1313.983,39839.308
22-10-2023,1.126425583,6.7028036,221.8130897,220.0436165,263.99,1.769473122,1313.983,1324.549,38507.633
23-10-2023,1.082500375,6.6404033,210.217274,208.4642739,263.99,1.753000067,1324.549,1335.687,36481.248
24-10-2023,1.025500458,6.5943775,195.1698659,193.4290162,263.99,1.740849716,1335.687,1347.709,33850.078
25-10-2023,1.04079125,6.554368,199.2064821,197.4761945,263.99,1.730287608,1347.709,1359.517,34558.334
26-10-2023,1.067832167,6.477664,206.3450138,204.6349752,263.99,1.710038519,1359.517,1370.878,35811.121
27-10-2023,1.051732042,6.3541355,202.0947418,200.4173135,263.99,1.677428231,1370.878,1382.352,35073.03
28-10-2023,1.00996525,6.2515407,191.0687263,189.4183821,263.99,1.650344229,1382.352,1394.396,33148.217
29-10-2023,0.951383375,6.2001667,175.6036972,173.9669152,263.99,1.636782007,1394.396,1407.515,30444.21
30-10-2023,0.874213375,6.16951,155.2315889,153.6028999,263.99,1.628688945,1407.515,1422.439,26880.507
31-10-2023,0.725036208,6.0919566,115.8503085,114.2420929,263.99,1.608215623,1422.439,1442.463,19992.366
01-11-2023,0.633148958,6.1085415,91.59299342,89.98039955,263.99,1.612593871,1442.463,1468.315,15746.57
02-11-2023,0.746886125,6.003744,121.6184681,120.0335398,263.99,1.584928379,1468.315,1487.702,21005.869
03-11-2023,0.858314042,6.040271,151.0343239,149.4397528,263.99,1.594571141,1487.702,1503.577,26151.957
04-11-2023,0.798548083,6.0355816,135.2567084,133.6633752,263.99,1.593333187,1503.577,1521.5,23391.091
05-11-2023,0.658113125,6.0318394,98.18328387,96.59093859,263.99,1.592345283,1521.5,1546.583,16903.414
06-11-2023,0.521535583,6.041152,75.59485959,74.56560327,170.3741805,1.029256322,1546.583,1567.931,13048.981
07-11-2023,0.466555,6.0700216,67.15150664,66.31447581,137.8958563,0.837030826,1567.931,1587.721,11605.033
08-11-2023,0.475421625,6.0694575,68.39527593,67.52927048,142.6825136,0.866005452,1587.721,1608.082,11817.622
09-11-2023,0.491435167,6.006712,70.75202309,69.84047516,151.7548924,0.911547933,1608.082,1629.071,12222.083
10-11-2023,0.470820208,5.938339,67.74451405,66.9120909,140.1777764,0.832423156,1629.071,1649.337,11709.616
11-11-2023,0.344129958,5.940127,53.66180668,53.14597155,86.83907486,0.515835133,1649.337,1665.346,9300.545
12-11-2023,0.359998125,5.869569,55.0806118,54.54033562,92.04699409,0.540276183,1665.346,1681.843,9544.559
13-11-2023,0.36869775,5.7772856,55.89442045,55.34521498,95.06289228,0.549205479,1681.843,1698.532,9685.413
14-11-2023,0.386964792,5.780342,57.69150183,57.10316191,101.7828924,0.588339928,1698.532,1716.032,9993.053
15-11-2023,0.349698958,5.8794723,54.15036425,53.62929862,88.62455731,0.52106563,1716.032,1732.705,9385.127
16-11-2023,0.321883167,5.801035,51.80566045,51.34074129,80.14417412,0.464919159,1732.705,1748.396,8984.63
17-11-2023,0.316191292,5.7328024,51.35407642,50.9038238,78.53970715,0.450252622,1748.396,1763.861,8908.169
18-11-2023,0.333503333,5.6445355,52.75658959,52.28495865,83.55531475,0.47163094,1763.861,1779.772,9149.868
19-11-2023,0.344602625,5.491697,53.70288803,53.22517151,86.98887131,0.477716524,1779.772,1795.746,9314.405
20-11-2023,0.289915917,5.6449547,49.38253864,48.97795202,71.67225208,0.404586616,1795.746,1810.58,8571.142
21-11-2023,0.300103042,5.675824,50.12560416,49.7042755,74.23215788,0.421328663,1810.58,1825.927,8698.248
22-11-2023,0.324034125,5.6029844,51.97871028,51.52620344,80.76175097,0.452506831,1825.927,1841.963,9017.086
23-11-2023,0.289216875,5.5354066,49.33249654,48.93670826,71.50121192,0.39578828,1841.963,1856.86,8563.924
24-11-2023,0.149407208,5.4705815,41.23988744,40.98112505,47.30071012,0.25876239,1856.86,1868.585,7171.697
25-11-2023,0.119166833,5.421164,39.8583346,39.6188814,44.17007155,0.239453202,1868.585,1879.878,6933.304
26-11-2023,0.185081917,5.4961033,43.0051022,42.72029083,51.82059922,0.284811366,1879.878,1892.411,7476.051
27-11-2023,0.241316833,5.6158876,46.16674656,45.82360721,61.10153469,0.343139351,1892.411,1906.582,8019.131
28-11-2023,0.228251375,5.681678,45.38439995,45.05097364,58.68447841,0.33342631,1906.582,1920.693,7883.92
29-11-2023,0.230001917,5.7666826,45.48740413,45.14717775,58.99863154,0.340226382,1920.693,1935.167,7900.756
30-11-2023,0.2160245,5.8132925,44.6799344,44.35106942,56.57120941,0.328864987,1935.167,1949.517,7761.437
01-12-2023,0.167841542,5.5104723,42.13189029,41.85903034,49.51661672,0.272859945,1949.517,1962.225,7325.33
02-12-2023,0.109404458,5.3477173,39.43151046,39.20005024,43.28206009,0.231460222,1962.225,1973.811,6860.009
03-12-2023,0.187668167,5.4384475,43.13959531,42.85578133,52.18658107,0.283813981,1973.811,1986.882,7499.762
04-12-2023,0.161202042,5.5157595,41.80588698,41.53732459,48.69000989,0.268562385,1986.882,1999.729,7269.032
05-12-2023,0.086939833,5.5430326,38.48035118,38.25062068,41.4449133,0.229730506,1999.729,2011.739,6693.859
06-12-2023,0.123340042,5.651671,40.04349051,39.79161125,44.5672185,0.251879256,2011.739,2024.473,6963.532
07-12-2023,0.157522875,5.5981326,41.62756823,41.35748108,48.24593705,0.270087153,2024.473,2037.694,7237.559
08-12-2023,0.1742545,5.5269637,42.45208271,42.17381902,50.34657415,0.278263688,2037.694,2051.139,7380.418
09-12-2023,0.177787833,5.5220494,42.63080287,42.35018661,50.81741256,0.280616263,2051.139,2064.73,7411.283
10-12-2023,0.200404833,5.5670795,43.81612763,43.51511593,54.0699474,0.301011696,2064.73,2079.012,7615.145
11-12-2023,0.221430125,5.600492,44.98820349,44.66624113,57.48822713,0.321962356,2079.012,2093.998,7816.592
12-12-2023,0.192030792,5.6900477,43.36863386,43.06810615,52.8163777,0.300527708,2093.998,2108.61,7536.919
13-12-2023,0.205642583,5.6859183,44.10145558,43.78938615,54.88461389,0.312069431,2108.61,2123.637,7663.143
14-12-2023,0.193190042,5.754522,43.42995968,43.12504837,52.98638462,0.304911316,2123.637,2138.652,7546.883
15-12-2023,0.259509833,5.815557,47.31108476,46.93449342,64.75585089,0.376591342,2138.652,2155.812,8213.536
16-12-2023,0.314742708,5.702162,51.2405962,50.79503954,78.13819636,0.445556654,2155.812,2174.722,8889.132
17-12-2023,0.254905875,5.539632,47.01516457,46.66174565,63.79826722,0.353418923,2174.722,2191.194,8165.805
18-12-2023,0.123493625,5.3734813,40.05033641,39.81077566,44.58203918,0.239560754,2191.194,2204.379,6966.886
19-12-2023,0.06154325,5.19757,37.45082604,37.24456796,39.6835597,0.206258079,2204.379,2216.587,6517.799
20-12-2023,0.112192042,5.1999464,39.55250717,39.32615422,43.52986271,0.226352953,2216.587,2229.345,6882.077
21-12-2023,0.143672292,5.3413205,40.97046831,40.72123939,46.66054284,0.249228914,2229.345,2242.99,7126.217
22-12-2023,0.207813167,5.2933855,44.22096054,43.92861074,55.22926607,0.292349796,2242.99,2257.917,7687.507
23-12-2023,0.232828083,5.2627177,45.65486777,45.34167251,59.5120769,0.31319526,2257.917,2273.513,7934.793
24-12-2023,0.228310042,5.2449827,45.3878431,45.07998906,58.69495905,0.307854045,2273.513,2289.039,7888.998
25-12-2023,0.217270833,5.228675,44.75057108,44.45368564,56.78024382,0.296885441,2289.039,2304.327,7779.395
26-12-2023,0.217324625,5.22512,44.75362565,44.45689475,56.78929794,0.296730896,2304.327,2319.707,7779.957
27-12-2023,0.228606458,5.2864857,45.40524908,45.09467881,58.74796324,0.310570268,2319.707,2335.683,7891.569
28-12-2023,0.177084375,5.0574865,42.59508822,42.33855787,50.72289453,0.256530354,2335.683,2349.835,7409.248
29-12-2023,0.191758875,5.140062,43.35427759,43.08300227,52.77666272,0.271275319,2349.835,2364.631,7539.525
30-12-2023,0.239306625,5.472149,46.04430528,45.71204376,60.71865479,0.332261526,2364.631,2381.819,7999.608
31-12-2023,0.204574435,5.5116553,44.04292055,43.74134187,54.71653393,0.301578674,2381.819,2398.24,7654.735
