Date,Saturation_vapour,Actual_vapour,Solar-Irradiance,Slope,Radiation-Based_evaporation,Aerodynamics_evaporation,Evaporation
01-01-2023,2.304731208,1.163138398,23.55622121,143.0365067,6.945185375,2.221264854,5.432176781
02-01-2023,2.359997105,1.320765488,23.60450798,146.0280935,4.022733345,3.498270569,3.857109455
03-01-2023,2.304319883,0.895087829,23.65652118,143.0142044,1.818393586,10.51750774,4.604898876
04-01-2023,2.237839619,0.686583905,23.71223543,139.4022936,1.709197221,12.34613589,5.175936654
05-01-2023,2.132585534,0.64003579,23.77162336,133.6532516,1.764456819,11.53570015,5.040115358
06-01-2023,2.071315357,0.747760129,23.83465565,130.2887486,2.010160324,9.003007071,4.394301425
07-01-2023,2.058437766,0.925089882,23.90130102,129.5798827,2.180948204,7.125359263,3.872762114
08-01-2023,2.081738066,1.138221607,23.97152624,130.8620397,2.901546485,4.47180618,3.43536276
09-01-2023,2.109817955,1.153070898,24.04529613,132.4045947,3.329553098,3.963771936,3.543493872
10-01-2023,2.133082218,1.161330941,24.12257358,133.6804711,3.568477737,3.768453031,3.635507293
11-01-2023,2.194956406,1.826444476,24.20331959,137.0645821,2.057972663,2.486303971,2.199168414
12-01-2023,2.157762437,1.08498167,24.2874932,135.0319142,2.469235498,6.053387805,3.662584217
13-01-2023,2.169686525,0.902558434,24.37505162,135.6840925,3.563368095,4.972476213,4.031026029
14-01-2023,2.085623893,0.711188674,24.46595014,131.075675,2.483836642,7.7665952,4.277799186
15-01-2023,2.043521466,0.690835939,24.56014221,128.758033,3.593048468,5.304347688,4.181051751
16-01-2023,2.05801611,0.662468979,24.65757944,129.5566617,3.281113155,6.016460635,4.217168927
17-01-2023,2.032225285,0.630542378,24.75821163,128.135096,2.83694993,7.017537069,4.277978057
18-01-2023,2.025372776,0.79861506,24.86198676,127.7569781,3.550769749,4.927645492,4.02629169
19-01-2023,2.026821383,0.846780697,24.96885106,127.836926,2.445934773,6.910635821,3.987245921
20-01-2023,2.00993589,1.022258089,25.078749,126.9045364,2.049384471,6.933700187,3.743646918
21-01-2023,1.995619617,1.005507711,25.19162333,126.1131758,2.312341011,6.188079629,3.662247971
22-01-2023,1.998524817,0.892296468,25.30741511,126.2738291,2.293316415,7.003190361,3.932389208
23-01-2023,1.968456463,0.896931038,25.42606375,124.6095401,2.013425367,7.762710931,4.031563877
24-01-2023,1.952197934,0.829445177,25.54750701,123.7081841,2.951153843,5.5758123,3.876817916
25-01-2023,1.95609311,0.725395101,25.67168107,123.9242216,3.005133825,6.031277743,4.0711886
26-01-2023,1.916849427,0.561021288,25.79852055,121.7449527,1.795828204,11.17382833,5.137589112
27-01-2023,1.883817822,0.622174943,25.92795855,119.9059402,1.675143277,11.20263393,5.103506889
28-01-2023,1.851924826,0.75492126,26.0599267,118.1261539,2.234144309,7.340697803,4.08930973
29-01-2023,1.859714422,0.939493458,26.19435518,118.5612335,3.042656804,4.544794016,3.587093116
30-01-2023,1.940480703,1.048581889,26.33117279,123.0579584,3.461606562,3.892023216,3.613924075
31-01-2023,1.9639773,0.82792828,26.47030697,124.3613216,1.929318645,8.941686229,4.394015754
01-02-2023,1.963770772,0.814354043,26.61167866,124.3498748,7.846039471,2.236488319,5.87428461
02-02-2023,2.003751703,0.909966331,26.75522302,126.5627879,4.559685289,3.681909899,4.254667703
03-02-2023,2.096882053,0.990773123,26.90085875,131.6943194,2.067774404,8.255211906,4.16242627
04-02-2023,2.180939991,1.177713302,27.04850841,136.2991395,1.949678492,7.984481805,3.946475063
05-02-2023,2.290316199,1.72330803,27.19809349,142.2545868,2.018787728,4.382323767,2.778620038
06-02-2023,2.38216867,1.831567099,27.34953447,147.2255201,2.306597162,3.745268603,2.758390849
07-02-2023,2.424936666,1.294781712,27.50275084,149.5309542,2.509573642,7.105285307,3.937451777
08-02-2023,2.493806939,1.454601176,27.6576612,153.2316356,3.347721328,4.925326644,3.829658553
09-02-2023,2.494167727,1.804754345,27.81418332,153.2509845,3.851431056,2.85621721,3.547433259
10-02-2023,2.521144519,1.952077043,27.97223418,154.6966349,4.137962086,2.206844595,3.551922955
11-02-2023,2.632348133,1.704584848,28.13173005,160.63341,2.391999626,6.259503031,3.535120406
12-02-2023,2.561570002,0.869798982,28.29258657,156.858958,2.876421148,9.546168583,4.880983112
13-02-2023,2.550123577,0.770422535,28.4547188,156.2471851,4.159771176,6.983919904,5.010877905
14-02-2023,2.614191366,1.32228801,28.61804132,159.6665142,2.905365999,7.300227956,4.209889904
15-02-2023,2.717949136,1.725528285,28.78246825,165.1794421,4.210757518,3.891625319,4.118275095
16-02-2023,2.777255744,1.598195966,28.94791339,168.3172624,3.852015549,5.083143796,4.204039168
17-02-2023,2.873314128,1.63081973,29.11429023,173.3797106,3.336096519,6.220558488,4.143526415
18-02-2023,2.978339698,1.588457302,29.28151208,178.8875468,4.181962942,5.582885388,4.565344782
19-02-2023,3.011476833,1.647729609,29.44949211,180.6196202,2.88485588,7.986470752,4.271233467
20-02-2023,2.895245991,1.978801053,29.61814343,174.5321923,2.420334571,6.43363092,3.538400635
21-02-2023,2.980819816,2.271276298,29.78737921,179.0172761,2.734185791,4.434561146,3.19927209
22-02-2023,2.95538791,2.047202074,29.95711268,177.6862643,2.714664375,5.749444312,3.549244675
23-02-2023,2.98661704,2.050505001,30.12725728,179.3204564,2.385700935,6.781702975,3.58661691
24-02-2023,3.032834211,1.938211691,30.29772671,181.7345377,3.499881714,5.436111981,4.023702784
25-02-2023,3.057710866,1.869495432,30.468435,183.0317722,3.566643118,5.823083527,4.173930613
26-02-2023,3.103475693,1.966022301,30.63929661,185.4143621,2.132793348,9.374129784,4.063324793
27-02-2023,3.143059801,1.759329885,30.81022649,187.4711568,1.99057491,12.28669377,4.713356175
28-02-2023,3.189995247,1.630572205,30.98114016,189.9051709,2.656044999,10.43501923,4.693714359
01-03-2023,3.184240182,1.627431652,31.15196346,189.6069955,3.618517537,7.688777331,4.685941829
02-03-2023,3.170013483,1.581522778,31.32259412,188.8695676,4.117799773,6.931775898,4.857887613
03-03-2023,3.180594648,1.527395428,31.49295938,189.4180772,2.295400419,13.01210462,5.107919969
04-03-2023,3.197345025,1.583331924,31.66297787,190.2858588,2.702071291,10.84999025,4.833231071
05-03-2023,3.290287261,1.599897858,31.83256913,195.0892473,4.303875842,7.172425676,5.040440333
06-03-2023,3.305859306,1.476305126,32.00165378,195.8921296,6.889343516,4.875365681,6.373786494
07-03-2023,3.334732694,1.746768258,32.1701535,197.3793947,7.101263873,4.126915652,6.344138983
08-03-2023,3.368549234,1.62960459,32.33799119,199.1189476,3.470540198,9.295420802,4.943594764
09-03-2023,3.401629547,1.240449416,32.50509095,200.818217,3.803303887,10.59616379,5.510267577
10-03-2023,3.431628867,1.202558936,32.67137823,202.3571809,7.066673801,5.912122752,6.778204221
11-03-2023,3.427507304,1.168870068,32.83677986,202.1458593,4.598171833,9.253141143,5.762147909
12-03-2023,3.454818308,1.208249206,33.00122408,203.5454797,2.707490062,15.70906359,5.941742418
13-03-2023,3.513790399,1.340925057,33.16464068,206.5622713,2.37106863,17.4353762,6.077178693
14-03-2023,3.488204095,1.464800631,33.32696099,205.2542693,4.394008649,8.804093237,5.484179369
15-03-2023,3.433868062,1.967292245,33.48811797,202.4719742,2.812255846,10.01861691,4.612030488
16-03-2023,3.439464752,2.149203392,33.64804627,202.758844,4.891926361,5.091256428,4.941655795
17-03-2023,3.467296066,2.100244277,33.80668226,204.184406,6.277186903,4.22366824,5.767558387
18-03-2023,3.485857273,1.868596868,33.96396412,205.1342283,7.505286246,4.198541064,6.687500434
19-03-2023,3.442419822,1.851142923,34.11983184,202.9102853,4.957572311,6.282766523,5.288000322
20-03-2023,3.529408244,1.921670187,34.27422729,207.3600028,5.947406288,5.315237751,5.792332191
21-03-2023,3.50064029,2.053585302,34.42709428,205.8901933,6.183083079,4.622188578,5.798128581
22-03-2023,3.457513618,2.140194141,34.57837857,203.6835215,3.949741332,6.615983621,4.61265411
23-03-2023,3.440327337,2.277722735,34.72802791,202.8030516,2.619240443,8.843091726,4.171730594
24-03-2023,3.288695835,1.893138298,34.87599209,195.0071641,3.445752627,8.103218683,4.642035561
25-03-2023,3.356032281,1.828907293,35.02222297,198.4753562,3.188518114,9.622695472,4.819596526
26-03-2023,3.407968789,1.661245412,35.16667449,201.143581,4.152577695,8.486038651,5.240204766
27-03-2023,3.435374873,1.604679672,35.3093027,202.5492154,4.302728852,8.618437644,5.380260313
28-03-2023,3.415676612,1.889247978,35.45006579,201.5390714,3.942212915,7.874460553,4.927690739
29-03-2023,3.391895016,2.33802745,35.58892412,200.3184198,5.502587504,3.910220775,5.101697951
30-03-2023,3.408741073,2.027952838,35.72584019,201.1832129,5.654299766,5.004930353,5.491342826
31-03-2023,3.380406693,2.25541523,35.8607787,199.7283144,4.162104443,5.560621148,4.514968669
01-04-2023,3.40921272,2.079567624,35.99369584,201.2074161,5.454122272,5.033900733,5.348678676
02-04-2023,3.406192432,2.206665305,36.12458209,201.0524176,4.330235181,5.740751659,4.684371722
03-04-2023,3.455631688,2.527529717,36.25339801,203.587139,3.875255072,4.980941705,4.150261772
04-04-2023,3.526910444,2.138043688,36.38011704,207.2324537,4.093825612,7.080479574,4.826807
05-04-2023,3.518989151,1.933933753,36.50471483,206.8278705,5.843957689,5.68006991,5.803677187
06-04-2023,3.596132319,1.962013026,36.6271692,210.7624801,7.590874865,4.523375259,6.847606135
07-04-2023,3.637289027,1.949367263,36.74746016,212.8566689,6.785931244,5.243696221,6.415033235
08-04-2023,3.602153218,1.938825628,36.86556983,211.0690573,9.6639127,3.640098055,8.205922678
09-04-2023,3.618578989,1.919475461,36.98148249,211.9050648,7.330709643,4.917286114,6.748318679
10-04-2023,3.556644364,1.909183389,37.09518454,208.7499659,11.48983136,3.051310164,9.430239115
11-04-2023,3.57863585,2.22472367,37.20666446,209.8711613,6.81351415,4.241382196,6.188271723
12-04-2023,3.6616347,2.133416054,37.31591279,214.0938524,6.519314585,5.018165308,6.159884138
13-04-2023,3.744575987,2.137372574,37.4229221,218.2998862,5.049286108,6.833542502,5.470213405
14-04-2023,3.679290887,2.45874455,37.52768698,214.9903536,4.759543375,5.520877595,4.94125612
15-04-2023,3.723439036,2.660507201,37.63020397,217.2292958,5.552371814,4.132670542,5.216187636
16-04-2023,3.765919133,2.73906433,37.73047153,219.3800375,3.828386899,5.805675911,4.293095952
17-04-2023,3.895837262,2.561578819,37.82849003,225.9362037,4.448540191,6.508917781,4.921954137
18-04-2023,3.955037418,2.301397254,37.92426168,228.913145,5.656829293,6.359931114,5.816758285
19-04-2023,3.855540646,2.032050951,38.01779046,223.9061082,6.254090464,6.359066483,6.278378947
20-04-2023,3.842528087,2.311352889,38.10908214,223.2498976,6.591049617,5.07885872,6.240381451
21-04-2023,3.785281098,2.452572039,38.19814418,220.3591602,4.558471536,6.406571895,4.991340343
22-04-2023,3.826544724,2.328132412,38.28498567,222.4434328,4.892384454,6.726770059,5.318951268
23-04-2023,3.898140764,2.447241777,38.36961732,226.0521594,3.287680861,9.71409464,4.763697564
24-04-2023,3.925082378,1.9563026,38.45205139,227.4076364,2.666132975,16.28929116,5.780709221
25-04-2023,3.93538213,1.855860591,38.53230159,227.925478,3.8999992,11.7866719,5.699917526
26-04-2023,3.834590494,1.973078262,38.6103831,222.8494549,4.928025915,8.366895799,5.726579801
27-04-2023,3.835928597,2.442887277,38.68631242,222.9169691,4.583652475,6.744922888,5.085413107
28-04-2023,3.892467902,2.561296769,38.76010739,225.766576,3.579760521,8.268604648,4.657741846
29-04-2023,3.832188084,2.470785334,38.83178709,222.7282325,3.25328585,9.322215011,4.663165275
30-04-2023,3.817564257,2.416101785,38.90137176,221.9900965,3.231760438,9.677753746,4.73305559
01-05-2023,3.879415385,2.342343966,38.96888277,225.1092572,3.14979703,10.90929715,4.937741497
02-05-2023,3.912133257,2.612479124,39.03434253,226.7563133,2.969247443,9.801569153,4.534736479
03-05-2023,3.922319873,2.625667052,39.09777444,227.2687123,3.011977087,9.655870237,4.531644359
04-05-2023,4.047086948,2.500471375,39.15920283,233.5291908,2.607861956,13.3229059,5.007742008
05-05-2023,4.082975352,2.538276123,39.21865284,235.3247622,3.284343155,10.58169922,4.909059267
06-05-2023,4.039878668,2.640285444,39.27615044,233.1682676,3.467360654,9.094923865,4.729296132
07-05-2023,4.009826066,2.559238003,39.33172229,231.6625061,5.416904719,6.042312813,5.557853533
08-05-2023,4.075404461,2.679252373,39.3853957,234.9461661,5.049347718,6.247409915,5.316423677
09-05-2023,4.179726057,2.383586819,39.43719856,240.1540564,4.52340935,8.983539969,5.500840138
10-05-2023,4.25763921,2.036092636,39.48715928,244.0312611,3.863162688,13.02673728,5.846344869
11-05-2023,4.230405745,2.034880144,39.53530672,242.6772214,4.484984999,11.10273468,5.92345354
12-05-2023,4.120462504,2.344834889,39.5816701,237.1978784,3.625838235,11.12000339,5.284112199
13-05-2023,4.148320303,2.647145495,39.62627898,238.5882423,3.491473963,9.77401702,4.875329103
14-05-2023,4.108836324,3.003661617,39.66916314,236.6172201,3.155219496,7.971163866,4.222904578
15-05-2023,4.078783778,3.178138238,39.71035257,235.1151676,3.178429246,6.455240626,3.908498713
16-05-2023,4.118123685,3.175075846,39.74987737,237.0810875,3.307469903,6.501910015,4.014591864
17-05-2023,4.196065557,3.010536131,39.78776768,240.9680268,2.987487482,9.057808937,4.31427765
18-05-2023,4.260580256,3.101415229,39.82405365,244.1774135,2.98828051,8.862101305,4.258897392
19-05-2023,4.221439774,3.158294249,39.85876537,242.2311587,3.048174113,7.975246689,4.120691146
20-05-2023,4.114441992,3.008036793,39.89193278,236.8972195,2.707144849,9.353090375,4.179181725
21-05-2023,4.075142402,2.980122347,39.92358565,234.9330595,2.693275951,9.311895594,4.168784335
22-05-2023,4.124328128,3.072163817,39.95375351,237.3908905,2.801687034,8.607734644,4.085608638
23-05-2023,4.130623189,3.210716159,39.98246557,237.7051491,2.83125237,7.452504817,3.852121457
24-05-2023,4.203074932,3.177871448,40.00975069,241.3170653,3.651626497,6.444020411,4.261269989
25-05-2023,4.077327206,3.245663949,40.03563735,235.0423261,6.072105,3.145736397,5.419956716
26-05-2023,4.038573745,3.329546037,40.06015353,233.1029193,4.692945936,3.472143005,4.419131233
27-05-2023,4.102523654,3.313891991,40.08332673,236.3018401,3.472702576,5.222010223,3.860923258
28-05-2023,4.264545419,3.188735175,40.10518386,244.374435,3.756310079,6.589342627,4.368760531
29-05-2023,4.355501103,3.103793905,40.12575125,248.8865791,5.212688782,5.527534575,5.279781754
30-05-2023,4.37948493,2.848050534,40.14505456,250.0740726,6.312591783,5.5871468,6.158579231
31-05-2023,4.251190396,2.984030621,40.16311877,243.7107423,5.167944523,5.649477758,5.272265382
01-06-2023,4.133950222,3.077284139,40.17996812,237.8712113,2.166133202,11.24422519,4.170460428
02-06-2023,4.323246159,3.292834046,40.19562605,247.2880577,2.368635181,10.03133918,4.009835847
03-06-2023,4.350763457,3.216091201,40.21011521,248.6518948,2.581149338,10.14051378,4.193230048
04-06-2023,4.297065622,3.137624236,40.22345738,245.9892987,2.852644787,9.378812152,4.256214348
05-06-2023,4.333528327,3.287456685,40.23567346,247.7978195,2.7286354,8.849006882,4.037378711
06-06-2023,4.259319591,3.314488386,40.24678343,244.1147678,2.531260109,8.618188093,3.848240839
07-06-2023,4.391432161,3.300137487,40.25680631,250.6652525,2.792361964,9.025618623,4.113227716
08-06-2023,4.297828833,3.175692524,40.26576014,246.0271762,2.659255637,9.747399527,4.183504121
09-06-2023,4.372824346,3.075146967,40.27366195,249.7443875,2.712001696,11.05516519,4.485103291
10-06-2023,4.504512405,3.034472852,40.28052775,256.2492194,3.203014082,10.60553697,4.744590618
11-06-2023,4.676222423,2.742703665,40.28637248,264.6893758,2.865366093,15.59530148,5.449000823
12-06-2023,4.451352548,2.829041416,40.29120999,253.6267396,2.046981492,18.31883624,5.463279498
13-06-2023,4.302328494,3.161955232,40.29505306,246.2504707,1.962856136,13.4300499,4.427028621
14-06-2023,4.220795511,3.074812647,40.29791332,242.1991008,1.856225371,14.27241009,4.559239842
15-06-2023,4.059950638,3.285391081,40.29980127,234.1730525,1.217263513,14.71094105,4.233029871
16-06-2023,4.042553087,3.382844295,40.30072629,233.3021884,1.37596643,11.0847179,3.552105727
17-06-2023,4.193053664,3.582049648,40.30069658,240.8180208,1.936341634,7.295280126,3.108214886
18-06-2023,4.261700014,3.440207608,40.29971916,244.2330548,2.375351614,7.995488545,3.590874881
19-06-2023,4.2526629,3.366346542,40.29779988,243.7839349,2.706205518,7.57140825,3.759970277
20-06-2023,4.213916641,3.29759725,40.2949434,241.8567716,2.833295987,7.476060698,3.845148823
21-06-2023,4.090188207,3.346931804,40.2911532,235.6853595,2.872086335,5.981611532,3.563581294
22-06-2023,4.110874269,3.358931977,40.28643155,236.7190206,3.017937885,5.758380439,3.62528506
23-06-2023,4.227022588,3.364031007,40.28077954,242.5089234,3.203744799,6.224634422,3.860737693
24-06-2023,4.233270898,3.386786654,40.27419705,242.8197356,3.380154095,5.785975742,3.902855781
25-06-2023,4.201089027,3.392183241,40.26668277,241.2181838,3.455425409,5.407662898,3.881780088
26-06-2023,4.181203076,3.443075398,40.25823422,240.2276548,3.491710928,4.882196661,3.796360842
27-06-2023,4.314332022,3.451485109,40.2488477,246.845976,4.593186423,4.337509778,4.538348471
28-06-2023,4.312511836,3.500589127,40.23851838,246.7556906,3.872614648,4.839714291,4.080099401
29-06-2023,4.14242473,3.554947074,40.22724023,238.2941117,2.83106855,4.788820358,3.262717269
30-06-2023,4.156131231,3.481449094,40.2150061,238.9778366,2.64418682,5.886573256,3.357478774
01-07-2023,4.27588114,3.452288195,40.20180767,244.9375387,3.051078382,6.225470405,3.736087373
02-07-2023,4.420919047,3.416292465,40.18763552,252.1233364,4.286850121,5.402890409,4.522266777
03-07-2023,4.537995998,3.396427938,40.17247911,257.898704,4.369428682,6.021062373,4.711637579
04-07-2023,4.446598298,3.304557375,40.15632683,253.3919808,3.286421772,8.005338227,4.277889727
05-07-2023,4.314582686,3.279036982,40.13916598,246.8584091,3.294606467,7.237713827,4.140297237
06-07-2023,4.461864479,3.271788826,40.12098285,254.1456755,4.667375275,5.868684343,4.919184699
07-07-2023,4.260759355,3.321873534,40.10176268,244.1863131,11.10176325,1.945591319,9.12116923
08-07-2023,4.151472204,3.500389301,40.08148973,238.745466,7.076629388,2.115538984,5.9844117
09-07-2023,4.183874182,3.553066034,40.06014731,240.3607437,3.609790261,4.016013889,3.69875376
10-07-2023,4.365896947,3.539714837,40.03771777,249.4014178,3.321683535,5.712867946,3.83041178
11-07-2023,4.369441331,3.445920776,40.01418259,249.5769071,3.149057759,6.732048364,3.910922618
12-07-2023,4.279073082,3.379780153,39.98952235,245.0960597,3.102278959,6.650187445,3.86750151
13-07-2023,4.266421934,3.33563452,39.96371682,244.4676662,3.278299156,6.509312649,3.976577089
14-07-2023,4.249842857,3.350530984,39.93674498,243.6437579,3.024538928,6.812259006,3.845299116
15-07-2023,4.149479193,3.313265262,39.90858503,238.6460523,2.509148632,7.630002478,3.636905538
16-07-2023,4.134643986,3.310448607,39.87921446,237.9058366,2.756559406,6.840325242,3.658100694
17-07-2023,4.216582934,3.419703652,39.8486101,241.9894702,3.273211154,5.565433909,3.772568206
18-07-2023,4.1748835,3.458808685,39.81674815,239.9127302,2.98440085,5.480679054,3.531885983
19-07-2023,4.17978987,3.387017624,39.78360421,240.1572363,3.125882923,5.788248847,3.709330302
20-07-2023,4.24406094,3.379285007,39.74915336,243.3563118,4.996163376,3.946955085,4.768600375
21-07-2023,4.233116863,3.512793798,39.71337017,242.8120742,4.574189393,3.587709424,4.359856182
22-07-2023,4.176112834,3.527087291,39.67622879,239.9739973,6.032064766,2.44902669,5.246387485
23-07-2023,4.16411131,3.540002457,39.63770297,239.3757579,8.423872915,1.684706897,6.943248134
24-07-2023,4.142520363,3.485620682,39.59776615,238.2988834,4.36712728,3.416970478,4.157638231
25-07-2023,4.142712446,3.437423797,39.55639145,238.3084673,4.180835774,3.828139805,4.103076369
26-07-2023,4.170494403,3.488291827,39.51355181,239.6939668,4.15946871,3.717824637,4.062538084
27-07-2023,3.984945923,3.460134937,39.46921996,230.4146691,2.906431464,4.088544348,3.173961632
28-07-2023,3.959840534,3.278271981,39.42336855,229.1543907,2.337282075,6.595071133,3.30497971
29-07-2023,3.918387165,3.279695809,39.37597017,227.0709152,2.310533158,6.244209109,3.210892906
30-07-2023,3.909968556,3.350211764,39.3269974,226.6474014,2.556434793,4.939952587,3.102772215
31-07-2023,3.885228336,3.385939413,40.16311877,225.4020342,2.372818154,4.84821915,2.942629862
01-08-2023,3.837164204,3.31096922,39.22421953,222.9793088,2.131300724,5.555505999,2.926093701
02-08-2023,3.789123182,3.259685618,39.17036021,220.5533661,2.011919874,5.913287221,2.925096069
03-08-2023,3.814831024,3.243695755,39.1148182,221.8520916,2.447002955,5.237368606,3.097199273
04-08-2023,3.844906354,3.288797412,39.05756708,223.3698551,2.672869015,4.661811704,3.133902835
05-08-2023,3.834070252,3.238491745,38.99858079,222.8232051,2.533054763,5.260300789,3.166416875
06-08-2023,3.754838031,3.162301522,38.93783372,218.8193465,1.900603546,6.964063194,3.092965923
07-08-2023,3.712201226,3.121297041,38.87530079,216.6597425,1.687738504,7.808237386,3.139973942
08-08-2023,3.740430444,3.13252354,38.81095748,218.0899825,1.949138165,6.944102874,3.128376114
09-08-2023,3.754577522,3.119608443,38.74477992,218.8061622,2.119793386,6.657935468,3.18850125
10-08-2023,3.760647234,3.101609858,38.67674495,219.1133151,2.283151334,6.404608711,3.25269171
11-08-2023,3.767786633,3.093453224,38.60683018,219.4745074,2.322750621,6.42989048,3.287706445
12-08-2023,3.69430548,3.04844201,38.53501404,215.7522397,1.91066911,7.472709492,3.234626576
13-08-2023,3.657781978,3.076857408,38.46127588,213.8981461,1.844502312,6.949148092,3.067592938
14-08-2023,3.67233447,3.117565666,38.38559601,214.6372123,2.091341552,5.841477285,2.987532329
15-08-2023,3.701779394,3.086604665,38.30795576,216.1313226,2.833191325,4.771763368,3.294021383
16-08-2023,3.729346251,3.025360182,38.22833754,217.5285852,2.647534456,5.831431712,3.400686951
17-08-2023,3.678280441,2.961051962,38.14672493,214.9390644,2.063770892,7.605375114,3.386663016
18-08-2023,3.697030978,2.906893683,38.06310271,215.8904919,2.161218897,7.983169137,3.54636756
19-08-2023,3.796012039,2.894123433,37.97745692,220.9015062,2.38814683,8.227825901,3.753364704
20-08-2023,3.752356681,2.965694351,37.88977493,218.6937604,2.952257891,5.791931619,3.621248396
21-08-2023,3.720173215,3.063072395,37.80004551,217.0638034,2.454981655,5.804214035,3.248538725
22-08-2023,3.723269032,2.985781213,37.70825884,217.2206815,2.131656701,7.484131425,3.399156991
23-08-2023,3.680677082,2.983812081,37.6144066,215.0607121,1.843565011,8.156648537,3.349975678
24-08-2023,3.674192185,2.984107833,37.51848202,214.7315283,1.888023193,7.866969233,3.316367503
25-08-2023,3.70247035,3.00442351,37.42047993,216.1663629,1.981245797,7.563501517,3.308074663
26-08-2023,3.715910513,2.96190973,37.32039678,216.8477635,2.111987117,7.643532609,3.423611038
27-08-2023,3.628627261,2.914615226,37.21823072,212.4162138,2.054584771,7.420010665,3.346967726
28-08-2023,3.582031387,2.88454856,37.11398163,210.0441882,1.842538769,8.059753715,3.352897627
29-08-2023,3.729786856,2.906746534,37.00765115,217.5509058,2.54077469,6.877234252,3.566486027
30-08-2023,3.786049242,2.91865514,36.89924275,220.3979899,3.124496693,5.876533109,3.769001731
31-08-2023,3.824431376,2.894045455,36.78876174,222.3367642,3.450143896,5.691260044,3.971483425
01-09-2023,3.952509317,2.834355327,36.78876174,228.7861492,3.609607866,6.537686662,4.275920289
02-09-2023,3.914295534,2.813577613,36.67621533,226.8650945,3.096278791,7.479762904,4.100294676
03-09-2023,3.918460122,2.791574749,36.56161261,227.0745849,2.88219765,8.200657294,4.099498559
04-09-2023,3.87738106,2.821604972,36.44496465,225.0067807,2.866170368,7.701488859,3.9807152
05-09-2023,3.988445077,2.936022389,36.32628448,230.5902334,3.426967888,6.399830694,4.099375674
06-09-2023,4.044507631,2.927875486,36.20558712,233.4000535,2.999110669,7.733223595,4.059879135
07-09-2023,3.935231307,3.002538353,36.08288962,227.9178964,2.265077811,8.52362272,3.693456964
08-09-2023,3.864546091,3.091257418,35.95821105,224.3600567,1.902676729,8.383822169,3.399897451
09-09-2023,3.841292678,3.050083683,35.83157256,223.1875804,1.899207402,8.563514338,3.444952361
10-09-2023,3.763224573,3.052643962,35.70299732,219.2437177,1.971492423,7.382275637,3.243757489
11-09-2023,3.781485358,3.002538576,35.57251062,220.167269,1.939090141,8.197692907,3.405981098
12-09-2023,3.812773364,2.98465351,35.44013979,221.748188,2.230076013,7.549814744,3.470098967
13-09-2023,3.851688361,2.969760999,35.30591427,223.7118746,2.592094398,6.891230941,3.58745676
14-09-2023,3.921673937,3.022917972,35.16986556,227.2362266,3.039894756,5.965148833,3.709066117
15-09-2023,3.887830372,3.061210193,35.03202726,225.5330686,3.027437679,5.487359319,3.593432906
16-09-2023,3.846653436,3.085977813,34.89243503,223.4579696,2.685961974,5.668892947,3.377191263
17-09-2023,3.806823565,3.169459758,34.75112661,221.4477014,2.194992909,5.788826101,3.033581397
18-09-2023,3.864050137,3.27181275,34.60814178,224.3350605,2.258122258,5.207076858,2.939423778
19-09-2023,3.819543769,3.352956221,34.46352235,222.090036,2.283781891,4.03929452,2.69250598
20-09-2023,3.807718821,3.330726418,34.31731216,221.4929194,3.216534605,2.919468792,3.147227833
21-09-2023,3.824262167,3.301337271,34.16955706,222.3282233,2.74281446,3.737227842,2.974146642
22-09-2023,3.936490355,3.3459173,34.02030485,227.9811846,3.682000769,3.13036726,3.556129182
23-09-2023,3.970299844,3.464552352,33.86960528,229.6795832,3.292985671,2.984154954,3.22291963
24-09-2023,4.010788985,3.367689428,33.71751002,231.7107777,3.110955463,3.998593454,3.310970992
25-09-2023,3.969948329,3.131723633,33.56407263,229.6619359,4.409342607,3.660400433,4.239416082
26-09-2023,4.051670161,3.027023911,33.4093485,233.7586267,7.196060245,2.729068957,6.196337222
27-09-2023,4.14149646,3.118321415,33.25339484,238.2477947,4.766367097,4.095111949,4.6183451
28-09-2023,4.255948931,3.250004115,33.09627063,243.9472577,4.371378405,4.369202282,4.370907321
29-09-2023,4.183002277,3.113453286,32.93803654,240.317302,4.038350176,5.004512204,4.249970778
30-09-2023,4.215926252,3.017413201,32.77875495,241.956789,4.373641953,5.152990394,4.543439697
01-10-2023,4.106994521,2.46116387,32.45730683,236.5252112,4.721252658,6.490941919,5.113707946
02-10-2023,4.181311645,2.458170571,32.29527296,240.2330645,4.059761187,7.863694721,4.893173293
03-10-2023,4.13617467,2.753359617,32.1324568,237.9822293,3.532486896,7.215971507,4.345457786
04-10-2023,4.064319991,2.741689665,31.96892832,234.3916828,2.983799313,8.129508375,4.133005241
05-10-2023,3.96365554,2.788739409,31.80475883,229.3459766,2.784917015,7.6975772,3.900730952
06-10-2023,3.935716923,2.792516412,31.64002093,227.9423071,2.556104206,8.117979595,3.82537851
07-10-2023,3.942938453,2.804931195,31.47478844,228.3052632,2.731310836,7.523225204,3.823530247
08-10-2023,3.998693614,2.857737139,31.30913635,231.104309,2.665874135,7.687194379,3.799650011
09-10-2023,3.948182959,3.011716124,31.14314072,228.5687932,2.296038532,7.286902781,3.432591636
10-10-2023,3.955744006,3.022833368,30.97687867,228.9486374,2.488098459,6.663117567,3.437643192
11-10-2023,4.109736468,2.978384907,30.81042823,236.6621855,4.262572024,4.69127534,4.357600623
12-10-2023,4.114078653,2.83624447,30.64386835,236.8790727,4.022045096,5.585196952,4.368294459
13-10-2023,4.065963071,2.76412764,30.47727878,234.4738891,3.953434118,5.757382816,4.356205429
14-10-2023,3.969543843,2.585665855,30.31074001,229.6416289,3.115438465,7.724004208,4.161141494
15-10-2023,3.884092029,2.676937808,30.14433322,225.3448075,2.723047094,7.66620847,3.861134152
16-10-2023,3.841484266,2.531120117,29.97814016,223.1972447,2.660521463,8.470270107,4.008012073
17-10-2023,3.897381506,2.734767654,29.81224312,226.0139403,3.235993714,6.144546235,3.904116161
18-10-2023,3.932792977,2.270894584,29.64672482,227.7953213,4.149425681,6.81177882,4.757303207
19-10-2023,3.940652576,2.345125371,29.48166837,228.1903848,4.731093472,5.703770992,4.952881691
20-10-2023,3.963807022,2.522738033,29.31715719,229.3535833,5.744501598,4.219117416,5.398049526
21-10-2023,4.016241983,2.357619876,29.15327488,231.9841074,6.06218642,4.575861259,5.727571745
22-10-2023,4.014305977,2.298455646,28.99010525,231.8870719,4.74370294,6.015601356,5.030136807
23-10-2023,4.030934932,2.275023775,28.82773215,232.7203191,4.458360362,6.513361546,4.919865535
24-10-2023,3.97950081,2.245649938,28.66623942,230.1414249,4.387012466,6.499514767,4.865542994
25-10-2023,3.981133964,2.203310702,28.50571088,230.2233848,3.851771407,7.547920096,4.688803826
26-10-2023,3.959380853,2.313289293,28.34623015,229.1313042,3.569381236,7.499351319,4.462642689
27-10-2023,3.95351817,2.454355009,28.18788068,228.836829,4.399714839,5.510032182,4.652334978
28-10-2023,3.954287069,2.359288802,28.03074561,228.8754535,5.600765363,4.579465853,5.368428914
29-10-2023,3.96460721,2.099758886,27.87490772,229.3937643,6.812058965,4.377698953,6.259231094
30-10-2023,3.93367213,1.8179933,27.72044938,227.8395177,4.108139168,8.18977929,5.039933619
31-10-2023,3.844488342,1.686913181,27.56745246,223.3487718,3.854360369,8.852737548,5.013060438
01-11-2023,3.891549986,1.79405572,27.41599827,225.7203606,5.447017825,6.056383787,5.587135235
02-11-2023,3.944075323,1.87669274,27.26616749,228.3623938,5.74422955,5.629638434,5.718115881
03-11-2023,3.898244519,1.871459922,27.11804011,226.0573821,3.47818024,9.065278456,4.761400369
04-11-2023,3.8777605,1.952005854,26.97169537,225.0258951,4.363756688,6.828353737,4.931811172
05-11-2023,3.935089401,1.943664114,26.82721169,227.9107631,7.307860117,4.193886437,6.597144991
06-11-2023,3.893675929,1.781711083,26.68466662,225.8273956,5.655148908,5.717046966,5.669376532
07-11-2023,3.878008665,1.791146693,26.54413677,225.0383963,6.722116761,4.727413794,6.262385817
08-11-2023,3.807047526,1.872362106,26.40569775,221.4590135,5.472416567,5.355452801,5.445125198
09-11-2023,3.791674054,2.04729164,26.26942415,220.6822894,5.237935303,5.018795052,5.186665046
10-11-2023,3.790318889,2.032657269,26.13538944,220.6137998,4.679165355,5.632007068,4.9021461
11-11-2023,3.554843675,1.329638441,26.00366595,208.6581171,2.69592595,12.31300428,5.043949931
12-11-2023,3.481419014,1.376510019,25.8743248,204.9071778,3.737439832,8.359792122,4.881539473
13-11-2023,3.433365404,1.361715213,25.74743587,202.4462061,3.971644601,7.704551611,4.904019883
14-11-2023,3.368173484,1.280699633,25.62306774,199.0996324,2.775900665,11.05390139,4.86947672
15-11-2023,3.224603889,1.259190923,25.50128764,191.6966705,2.54515568,11.29715046,4.821852046
16-11-2023,3.153151014,1.203796107,25.38216144,187.9949078,2.632888095,10.78088604,4.783185712
17-11-2023,3.059876226,1.178671989,25.26575358,183.1446176,2.649336965,10.29196602,4.70531088
18-11-2023,2.993571334,1.329917397,25.15212701,179.6840388,3.476691941,6.904604975,4.411763829
19-11-2023,2.943757089,1.36518782,25.04134322,177.0770117,2.712010081,8.361752397,4.269590606
20-11-2023,2.910338094,1.34849068,24.93346215,175.3245414,2.315822448,9.646799867,4.351495788
21-11-2023,2.885381612,1.497543724,24.82854216,174.013989,2.657207717,7.439295207,3.992311363
22-11-2023,2.905411186,1.565974557,24.72664001,175.0659381,4.176848621,4.548894663,4.280268934
23-11-2023,2.951829392,1.943107459,24.62781086,177.4998959,6.715995017,2.122043326,5.451672944
24-11-2023,3.045422155,1.638723621,24.53210817,182.3911444,3.047210857,6.496818543,3.978002694
25-11-2023,2.996627787,1.527556441,24.43958373,179.8437975,2.52293655,8.163900487,4.06069391
26-11-2023,2.886016843,1.961232683,24.35028762,174.047367,2.272252918,5.685323041,3.225010984
27-11-2023,2.820361033,1.870943264,24.26426818,170.5919852,2.740644547,4.822132936,3.330127917
28-11-2023,2.762050304,1.688718008,24.181572,167.5136708,2.28275759,6.522682962,3.49925116
29-11-2023,2.743494047,1.70575968,24.10224387,166.5321497,2.833232451,5.064409408,3.476074092
30-11-2023,2.725226504,1.740752974,24.0263268,165.5649895,3.144368884,4.315441883,3.483176532
01-12-2023,2.736107546,1.619610073,23.95386197,166.1411866,2.073208078,7.400443257,3.61064846
02-12-2023,2.668739127,1.546289876,23.88488875,162.5685265,1.703038973,9.030934431,3.850724839
03-12-2023,2.627028737,1.48296595,23.81944461,160.350235,1.698823701,9.202387515,3.919415048
04-12-2023,2.571944991,1.198196432,23.7575652,157.4131367,1.938475347,9.65864571,4.253017504
05-12-2023,2.547060733,1.18902942,23.69928428,156.0834215,2.118241857,8.716393076,4.108167504
06-12-2023,2.503845256,1.257842639,23.6446337,153.7698397,2.193428673,7.70540316,3.8731653
07-12-2023,2.488621522,1.306309741,23.59364344,152.9535016,2.479842089,6.453128906,3.695159883
08-12-2023,2.488523779,1.289546697,23.54634152,152.9482581,4.597481529,3.52274872,4.268742868
09-12-2023,2.515092677,1.3653449,23.50275408,154.372513,6.006694891,2.580792576,4.965511685
10-12-2023,2.569105944,1.239447109,23.46290531,157.2615205,3.987127065,4.488789847,4.137629347
11-12-2023,2.593763755,1.369061908,23.42681745,158.577567,4.935919424,3.334593835,4.458308544
12-12-2023,2.631961431,1.696633288,23.39451081,160.6128268,9.970092043,1.259059172,7.395133327
13-12-2023,2.69072506,1.392828145,23.36600373,163.7358516,3.461152404,5.026564471,3.917631884
14-12-2023,2.663620212,1.317451531,23.34131259,162.2965489,3.473999679,5.188744925,3.977158434
15-12-2023,2.643647253,1.45256646,23.32045181,161.2346469,3.258396886,4.890367965,3.739491297
16-12-2023,2.591223656,1.320388781,23.30343383,158.4420768,3.129832412,5.428193233,3.815752067
17-12-2023,2.562829858,1.181288667,23.29026911,156.9262697,2.187012154,8.440233982,4.06582533
18-12-2023,2.489913063,1.020247444,23.28096615,153.0227845,1.938477054,10.12572685,4.441941645
19-12-2023,2.478381093,1.042769154,23.27553143,152.4039909,2.154804649,8.89602719,4.22191179
20-12-2023,2.461596642,1.067019467,23.27396948,151.502638,2.615282555,7.119700667,4.002190376
21-12-2023,2.443499934,1.085384649,23.27628281,150.5298564,2.890600288,6.273783951,3.936930435
22-12-2023,2.380996293,1.182191204,23.28247194,147.162242,3.48424345,4.595539592,3.833332643
23-12-2023,2.344768581,1.12584665,23.29253541,145.2047391,2.383307212,6.834078555,3.794291698
24-12-2023,2.338273443,1.160367992,23.30646976,144.853344,2.080633853,7.569350315,3.823548629
25-12-2023,2.335896951,1.191717189,23.32426951,144.7247391,2.485723966,6.159092855,3.652891286
26-12-2023,2.346751047,1.153418983,23.34592722,145.3119661,3.539920821,4.514880162,3.848846834
27-12-2023,2.365987778,1.262679144,23.37143341,146.3517868,2.35521429,6.280862365,3.593045722
28-12-2023,2.368118364,1.303599802,23.40077664,146.4668811,2.404071088,5.944338644,3.519783965
29-12-2023,2.368813323,1.189580681,23.43394345,146.5044197,2.911454556,5.445054016,3.709776553
30-12-2023,2.341207387,1.2404186,23.47091838,145.0120908,2.13471797,6.943219782,3.660492802
31-12-2023,2.287303014,1.102754267,23.51168399,142.0910554,2.038137519,7.839178039,3.904518546
