Date,Wl,Evaporation,Volume,V2,SurfaceArea,EvapVol,Initial_Conc,C2 (wt%)
2023-01-01,1.689093177,5.432176781,370.35170779622996,368.91766744781376,263.99,1.43404034841619,26.3,26.402232190245215
2023-01-02,1.730205885,9.289286236,381.20505158115,378.75277290770833,263.99,2.4522786734416404,26.402232190245215,26.57317649894119
2023-01-03,1.770578615,13.89418511,391.86304857385,388.1951226466611,263.99,3.6679259271889006,26.57317649894119,26.824257559372107
2023-01-04,1.587811594,19.07012177,343.61438270006,338.5800612539977,263.99,5.0343214460623,26.824257559372107,27.223105425976215
2023-01-05,1.60651751,24.11023712,348.55255746489996,342.18769596759114,263.99,6.364861497308801,27.223105425976215,27.729468739458376
2023-01-06,1.664874563,28.50453855,363.95823588636995,356.43332275455543,263.99,7.5249131318145,27.729468739458376,28.3148849453373
2023-01-07,1.708287729,32.37730066,375.41887757871,366.8715939774766,263.99,8.547283601233401,28.3148849453373,28.97455812728158
2023-01-08,1.695934448,35.81266342,372.15773492752,362.7035499112742,263.99,9.4541850162458,28.97455812728158,29.729805307427174
2023-01-09,1.690357021,39.35615729,370.68534997379004,360.29571801080294,263.99,10.3896319629871,29.729805307427174,30.587105908113653
2023-01-10,1.684723813,42.99166459,369.19823939387,357.8488698587559,263.99,11.3493695351141,30.587105908113653,31.557192436814642
2023-01-11,1.958901594,45.190833,441.57843180006,429.64850379639,263.99,11.92992800367,31.557192436814642,32.43343203835546
2023-01-12,1.956995031,48.85341722,441.07511823369,428.17830462178216,263.99,12.896813611907799,32.43343203835546,33.41033330420225
2023-01-13,1.769786365,52.88444325,391.65390249635004,377.69293832278254,263.99,13.960964173567499,33.41033330420225,34.64530600016589
2023-01-14,1.782823021,57.16224243,395.09544931378997,380.0051889346943,263.99,15.0902603790957,34.64530600016589,36.02109428853528
2023-01-15,1.746595042,61.34329418,385.53162513758,369.3376089070018,263.99,16.194016230578203,36.02109428853528,37.6004790343184
2023-01-16,1.729140948,65.56046311,380.92391886252,363.6166122061111,263.99,17.3073066564089,37.6004790343184,39.39017455215119
2023-01-17,1.736576625,69.83844117,382.88686323375003,364.45021314928175,263.99,18.4366500844683,39.39017455215119,41.38282770142146
2023-01-18,1.675808135,73.86473286,366.84458955865,347.3450387309386,263.99,19.499550827711403,41.38282770142146,43.70601203451732
2023-01-19,1.804084677,77.85197878,400.70831388123,380.1561700030978,263.99,20.5521438781322,43.70601203451732,46.068862669469425
2023-01-20,1.867699083,81.5956257,417.50188092116997,395.96145169262695,263.99,21.540429228543,46.068862669469425,48.57502348822887
2023-01-21,1.869510542,85.25787367,417.98008798258,395.4728619124367,263.99,22.5072260701433,48.57502348822887,51.33953438216262
2023-01-22,1.825616813,89.19026288,406.39258246387,382.8472449661788,263.99,23.5453374976912,51.33953438216262,54.49694684861285
2023-01-23,1.926977458,93.22182675,433.15077913742005,408.5411490936875,263.99,24.6096300437325,54.49694684861285,57.779724369145455
2023-01-24,1.828882375,97.09864467,407.25465817625,381.6215869698167,263.99,25.633071206433304,57.779724369145455,61.660720202747335
2023-01-25,1.752965635,101.1698333,387.21339798365,360.50557369078297,263.99,26.707824292867002,61.660720202747335,66.22881512590418
2023-01-26,1.70760226,106.3074224,375.2379206174,347.173824178024,263.99,28.064096439376,66.22881512590418,71.58247869532667
2023-01-27,1.612185729,111.4109293,350.04891059871,320.637539372803,263.99,29.411371225907,71.58247869532667,78.14858090000635
2023-01-28,1.762106729,115.500239,389.62655538871,359.1356472951,263.99,30.49090809361,78.14858090000635,84.78345887944064
2023-01-29,1.891792104,119.0873321,423.86219753496005,392.42433273388104,263.99,31.437864801079,84.78345887944064,91.5756241334419
2023-01-30,1.754656604,122.7012562,387.65979688996,355.26789226572197,263.99,32.391904624238,91.5756241334419,99.92512305358883
2023-01-31,1.5833455,127.0952719,342.435378545,308.883497716119,263.99,33.551880828881,99.92512305358883,110.77929896552627
2023-02-01,1.546812667,5.87428461,332.79107596132997,331.24032356713604,263.99,1.5507523941939,110.77929896552627,111.29792924956865
2023-02-02,1.681387052,10.12895231,368.31736785748,365.6434257371631,263.99,2.6739421203169003,111.29792924956865,112.1118484943205
2023-02-03,1.706003438,14.29137858,374.81584759762,371.0430665662858,263.99,3.7727810313342003,112.1118484943205,113.25180634153611
2023-02-04,1.742986115,18.23785365,384.57890449884997,379.76429351378647,263.99,4.8146109850635,113.25180634153611,114.68760059655985
2023-02-05,1.892077,21.01647369,423.93740723,418.3892683405769,263.99,5.5481388894231,114.68760059655985,116.20843964563038
2023-02-06,1.935010833,23.77486453,435.27150980366997,428.9951833163953,263.99,6.2763264872747,116.20843964563038,117.90860350797102
2023-02-07,1.826409219,27.71231631,406.60176972381004,399.2859953411331,263.99,7.3157743826769,117.90860350797102,120.06894158920991
2023-02-08,1.96048825,31.54197486,441.9972931175,433.67052717420864,263.99,8.3267659432914,120.06894158920991,122.37434606340065
2023-02-09,2.196376521,35.08940812,504.26943777879,495.0061849291912,263.99,9.263252849598802,122.37434606340065,124.66438716672897
2023-02-10,2.481778688,38.64133108,579.61275584512,569.4118308533108,263.99,10.2009249918092,124.66438716672897,126.89773040571986
2023-02-11,2.328498365,42.17645148,539.14828337635,528.0141219501448,263.99,11.1341614262052,126.89773040571986,129.57360545568633
2023-02-12,2.13209951,47.0574346,487.3009496449,474.878257484846,263.99,12.422692160054002,129.57360545568633,132.96321739784955
2023-02-13,2.062173344,52.0683125,468.84114108256006,455.09562726568504,263.99,13.745513816875,132.96321739784955,136.97918158730837
2023-02-14,2.14515875,56.27820241,490.7484584125,475.8915757582841,263.99,14.8568826542159,136.97918158730837,141.2555414360207
2023-02-15,2.142370698,60.3964775,490.01244056502003,474.068374469795,263.99,15.944066095225002,141.2555414360207,146.00630695901427
2023-02-16,2.209468833,64.60051667,507.72567722367,490.6717868279567,263.99,17.0538903957133,146.00630695901427,151.0809324475895
2023-02-17,2.205536646,68.74404308,506.68761917754,488.5398792448508,263.99,18.147739932689202,151.0809324475895,156.69312008534197
2023-02-18,2.19196774,73.30938787,503.10556368259995,483.7526183787987,263.99,19.3529453038013,156.69312008534197,162.9617649821
2023-02-19,2.308077448,77.58062133,533.75736549752,513.2768572726134,263.99,20.480508224906703,162.9617649821,169.46418121375282
2023-02-20,2.54541926,81.11902197,596.4132304474,574.9986198375396,263.99,21.4146106098603,169.46418121375282,175.77551715058806
2023-02-21,2.667178333,84.31829406,628.55640812867,606.2972216797706,263.99,22.2591864488994,175.77551715058806,182.2288206946264
2023-02-22,2.791275521,87.86753873,661.3168247887901,638.1206732394573,263.99,23.196151549332704,182.2288206946264,188.85297113944756
2023-02-23,2.82578151,91.45415564,670.4260608249,646.2830782774964,263.99,24.1429825474036,188.85297113944756,195.90788892933787
2023-02-24,2.82437575,95.47785843,670.0549542425,644.8497543955643,263.99,25.2051998469357,195.90788892933787,203.5653276713029
2023-02-25,2.892042438,99.65178904,687.91828320762,661.6112074189504,263.99,26.3070757886696,203.5653276713029,211.6595202166285
2023-02-26,2.803983958,103.7151138,664.67172507242,637.291972180358,263.99,27.379752892061997,211.6595202166285,220.75297441621098
2023-02-27,2.769278552,108.42847,655.50984494248,626.88581314718,263.99,28.624031795300002,220.75297441621098,230.83270508817168
2023-02-28,2.814722427,113.1221844,667.50657350373,637.643448043974,263.99,29.863125459756,230.83270508817168,241.6434270573364
2023-03-01,1.785157292,4.685941829,395.71167351508,394.4746317316423,263.99,1.2370417834377099,241.6434270573364,242.40120206215943
2023-03-02,1.78684,9.543829442,396.1558916,393.63641606560645,263.99,2.51947553439358,242.40120206215943,243.95269443729939
2023-03-03,1.766706729,14.65174941,390.84090938871003,386.97299406196413,263.99,3.8679153267459006,243.95269443729939,246.39107742602005
2023-03-04,1.829925302,19.48498048,407.52998047498,402.3861404780648,263.99,5.143839996915201,246.39107742602005,249.54077904705804
2023-03-05,1.753817375,24.52542082,387.43824882624995,380.96378298397815,263.99,6.4744658422718,249.54077904705804,253.78171564617307
2023-03-06,1.757325875,30.89920731,388.36445774125,380.2073760034831,263.99,8.157081737766902,253.78171564617307,259.2264237942275
2023-03-07,1.834939052,37.24334629,408.85356033747996,399.02168935038287,263.99,9.8318709870971,259.2264237942275,265.6137476495816
2023-03-08,1.7876865,42.18694106,396.37935913499996,385.24242856457056,263.99,11.136930570429401,265.6137476495816,273.29234597310233
2023-03-09,1.751770885,47.69720863,386.89799593115,374.3064098249163,263.99,12.5915861062337,273.29234597310233,282.4858409712365
2023-03-10,1.837630323,54.47541286,409.56402896877,395.1830647278586,263.99,14.3809642409114,282.4858409712365,292.765681227976
2023-03-11,1.956826979,60.23756076,441.03075418620995,425.12864052117754,263.99,15.9021136650324,292.765681227976,303.7167033336627
2023-03-12,2.010678167,66.17930318,455.24692930633,437.7762550598418,263.99,17.4706742464882,303.7167033336627,315.8373597782074
2023-03-13,2.101545073,72.25648187,479.23488382127005,460.15989517240877,263.99,19.0749886488613,315.8373597782074,328.9297524787889
2023-03-14,2.194611333,77.74066124,503.80344579867005,483.2806886379225,263.99,20.5227571607476,328.9297524787889,342.89791961597103
2023-03-15,2.177505458,82.35269173,499.28766585742005,477.5473787676174,263.99,21.740287089802703,342.89791961597103,358.50830624228917
2023-03-16,2.296909135,87.29434753,530.8090425486499,507.76420774420524,263.99,23.0448348044447,358.50830624228917,374.77917482138525
2023-03-17,2.378633979,93.06190591,552.38358411621,527.8161715750291,263.99,24.5674125411809,374.77917482138525,392.223419798202
2023-03-18,2.2650015,99.74940635,522.385745985,496.05290020266347,263.99,26.332845782336502,392.223419798202,413.04450323818793
2023-03-19,2.276706771,105.0374067,525.4758204762901,497.74699548155706,263.99,27.728824994733003,413.04450323818793,436.0546647244415
2023-03-20,2.256267052,110.8297389,520.07993905748,490.82199628526905,263.99,29.257942772211003,436.0546647244415,462.04792200023866
2023-03-21,2.394436521,116.6278674,556.5552971787899,525.7667064638639,263.99,30.788590714926002,462.04792200023866,489.10517797756285
2023-03-22,2.490743958,121.2405215,581.97949747242,549.973212201635,263.99,32.006285270785,489.10517797756285,517.569182235335
2023-03-23,2.665924427,125.4122521,628.22538948373,595.117809051851,263.99,33.107580431879,517.569182235335,546.3625792220907
2023-03-24,3.028597563,130.0542877,723.96747065637,689.634439246447,263.99,34.333031409923,546.3625792220907,573.5629081588758
2023-03-25,2.933808302,134.8738842,698.94405364498,663.3386969550221,263.99,35.60535668995799,573.5629081588758,604.3494611262674
2023-03-26,2.872928448,140.114089,682.87238098752,645.88366263241,263.99,36.98871835511,604.3494611262674,638.9595825753129
2023-03-27,2.871090594,145.4943493,682.3872059100601,643.9781526383531,263.99,38.409053271707,638.9595825753129,677.0693112129319
2023-03-28,2.963958948,150.42204,706.90352268252,667.19360834292,263.99,39.709914339600004,677.0693112129319,717.3670059360784
2023-03-29,3.014099667,155.523738,720.14017109133,679.08345949671,263.99,41.056711594620005,717.3670059360784,760.7383027307933
2023-03-30,3.0533605,161.0150808,730.504638395,687.9982672146081,263.99,42.506371180392,760.7383027307933,807.7387476562305
2023-03-31,3.093260604,165.5300495,741.0378668499601,697.3395890824551,263.99,43.698277767505004,807.7387476562305,858.3551083379774
2023-04-01,2.065651896,5.348678676,469.75944402504,468.3474463413628,263.99,1.41199768367724,858.3551083379774,860.9429209420891
2023-04-02,2.0980475,10.0330504,478.311559525,475.662934549904,263.99,2.6486249750960003,860.9429209420891,865.7368932214241
2023-04-03,2.31007476,14.18331217,534.2846358924,530.5403833126418,263.99,3.7442525797583004,865.7368932214241,871.8467723141265
2023-04-04,2.434304958,19.01011917,567.0801658624199,562.0616845027316,263.99,5.0184813596883,871.8467723141265,879.6312324472412
2023-04-05,2.570109094,24.81379636,602.9310997250601,596.3805056239837,263.99,6.550594101076401,879.6312324472412,889.2930290821978
2023-04-06,2.511873427,31.66140249,587.5574659937299,579.1991723503949,263.99,8.3582936433351,889.2930290821978,902.1262177794068
2023-04-07,2.537550958,38.07643573,594.3360774024201,584.2842791340573,263.99,10.051798268362699,902.1262177794068,917.646044476026
2023-04-08,2.616702156,46.2823584,615.23120216244,603.013122368424,263.99,12.218079794016,917.646044476026,936.2391267460022
2023-04-09,2.735472885,53.03067708,646.58548691115,632.5859184688009,263.99,13.9995684423492,936.2391267460022,956.9587528878736
2023-04-10,2.68907524,62.4609162,634.3369726076,617.847915339962,263.99,16.489057267638,956.9587528878736,982.4979629221962
2023-04-11,2.854208802,68.64918792,677.93058163998,659.8078825209792,263.99,18.122699119000803,982.4979629221962,1009.4838711520878
2023-04-12,2.942677938,74.80907206,701.2855488526201,681.5367019195007,263.99,19.748846933119403,1009.4838711520878,1038.7356229604447
2023-04-13,3.044930948,80.27928546,728.27932096252,707.0863923939346,263.99,21.1929285685854,1038.7356229604447,1069.8688056886754
2023-04-14,3.04587024,85.22054158,728.5272846576,706.0299138858958,263.99,22.4973707717042,1069.8688056886754,1103.9597623539314
2023-04-15,2.993425313,90.43672922,714.68234837887,690.8079562320821,263.99,23.8743921467878,1103.9597623539314,1142.1127222944476
2023-04-16,3.044956781,94.72982517,728.28614061619,703.2784140695617,263.99,25.007726546628298,1142.1127222944476,1182.7248640482248
2023-04-17,3.156178927,99.65177931,757.64767493873,731.3406017186832,263.99,26.3070732200469,1182.7248640482248,1225.2686931814185
2023-04-18,3.292039302,105.4685376,793.51345533498,765.670816093956,263.99,27.842639241024,1225.2686931814185,1269.824020980911
2023-04-19,3.464153198,111.7469165,838.94980274002,809.449734253185,263.99,29.500068486835,1269.824020980911,1316.1022443220136
2023-04-20,3.546724948,117.987298,860.74791902252,829.6004522235,263.99,31.14746679902,1316.1022443220136,1365.5154899986103
2023-04-21,3.575545698,122.9786383,868.35630881502,835.8911780902031,263.99,32.465130724817,1365.5154899986103,1418.5506697583176
2023-04-22,3.650430219,128.2975896,888.12507351381,854.255792835306,263.99,33.869280678504,1418.5506697583176,1474.7929465958678
2023-04-23,3.654445833,133.0612872,889.1851554536701,854.0583062457421,263.99,35.126849207928004,1474.7929465958678,1535.4501980611826
2023-04-24,3.40704101,138.8419964,823.8727562299,787.219857600264,263.99,36.652898629636,1535.4501980611826,1606.9406462721172
2023-04-25,3.34893199,144.5419139,808.5325560401001,770.3749361896391,263.99,38.157619850461,1606.9406462721172,1686.534396564652
2023-04-26,3.402966292,150.2684937,822.7970714250799,783.127691773217,263.99,39.669379651863,1686.534396564652,1771.9658964031526
2023-04-27,3.316490208,155.3539068,799.96825000992,758.9563721537879,263.99,41.011877856132,1771.9658964031526,1867.7179733009168
2023-04-28,3.143042198,160.0116487,754.17970985002,711.938234709707,263.99,42.241475140313,1867.7179733009168,1978.535398875027
2023-04-29,2.974725344,164.6748139,709.7457435625599,666.2732394410989,263.99,43.472504121461,1978.535398875027,2107.629414948976
2023-04-30,2.959284469,169.4078695,705.6695069713099,660.947523502005,263.99,44.721983469305,2107.629414948976,2250.2388725884416
2023-05-01,1.8056905,4.937741497,401.132235095,399.828720717207,263.99,1.30351437779303,2250.2388725884416,2257.575060740774
2023-05-02,1.933462927,9.472477975,434.86287809873005,432.3622386381098,263.99,2.5006394606202504,2257.575060740774,2270.6321244195606
2023-05-03,2.033129323,14.00412233,461.1738099787699,457.4768617248732,263.99,3.6969482538967,2270.6321244195606,2288.98148844196
2023-05-04,2.09639326,19.01186434,477.8748567074,472.8559146402834,263.99,5.0189420671166,2288.98148844196,2313.2769770411287
2023-05-05,2.250954729,23.92092361,518.6775389087101,512.3626542849062,263.99,6.314884623803899,2313.2769770411287,2341.7881830994716
2023-05-06,2.465772177,28.65021974,575.3871970062299,567.8238254970673,263.99,7.563371509162601,2341.7881830994716,2372.9806291174655
2023-05-07,2.712222958,34.20807327,640.44773868242,631.4171494198727,263.99,9.0305892625473,2372.9806291174655,2406.91922804407
2023-05-08,2.840091781,39.52449695,674.20382926619,663.7697573163596,263.99,10.4340719498305,2406.91922804407,2444.7545890650044
2023-05-09,2.868096427,45.02533709,681.59677576373,669.7105370253408,263.99,11.8862387383891,2444.7545890650044,2488.1448824766485
2023-05-10,2.951035531,50.87168196,703.49186982869,690.0622545080696,263.99,13.4296153206204,2488.1448824766485,2536.5678014456803
2023-05-11,3.0841095,56.7951355,738.622066905,723.628719084355,263.99,14.993347820645,2536.5678014456803,2589.1246476773326
2023-05-12,3.154130313,62.0792477,757.10686132887,740.718560728547,263.99,16.388300600323,2589.1246476773326,2646.408689508426
2023-05-13,3.238268854,66.9545768,779.31859476746,761.643256038028,263.99,17.675338729432003,2646.408689508426,2707.8234918226976
2023-05-14,3.415106906,71.17748138,826.00207211494,807.2119288054338,263.99,18.790143309506202,2707.8234918226976,2770.8557509513407
2023-05-15,3.507377979,75.08598009,850.36071267621,830.538764792251,263.99,19.8219478839591,2770.8557509513407,2836.986027607439
2023-05-16,3.74499024,79.10057196,913.0879734576,892.2062134658796,263.99,20.881759991720397,2836.986027607439,2903.3846476060976
2023-05-17,3.950919302,83.41484961,967.4511865349799,945.430500386436,263.99,22.020686148543902,2903.3846476060976,2971.0094196726873
2023-05-18,4.106710323,87.673747,1008.57845816877,985.43346569824,263.99,23.144992470530003,2971.0094196726873,3040.789869638911
2023-05-19,4.08696125,91.79443814,1003.3649003874999,979.1320866629213,263.99,24.232813724578598,3040.789869638911,3116.0472281610746
2023-05-20,4.162178781,95.97361987,1023.22157639619,997.8855004867087,263.99,25.336075909481302,3116.0472281610746,3195.162927378782
2023-05-21,4.229543896,100.1424042,1041.0052931050402,1014.5686998202822,263.99,26.436593284758,3195.162927378782,3278.4192143158934
2023-05-22,4.24774375,104.2280128,1045.8098725625,1018.294719463428,263.99,27.515153099072002,3278.4192143158934,3367.0047729765274
2023-05-23,4.349433677,108.0801343,1072.6549963912303,1044.1229217373732,263.99,28.532074653857002,3367.0047729765274,3459.0127440136994
2023-05-24,4.571291646,112.3414043,1131.22328162754,1101.566274306383,263.99,29.657007321156996,3459.0127440136994,3552.1382950276707
2023-05-25,4.855624396,117.761361,1206.28428430004,1175.19646260965,263.99,31.087821690389998,3552.1382950276707,3646.104066240263
2023-05-26,5.150841875,122.1804922,1284.2187465812501,1251.964318445372,263.99,32.254428135878,3646.104066240263,3740.0388532368383
2023-05-27,5.239454854,126.0414155,1307.6116869074601,1274.338013629615,263.99,33.273673277845,3740.0388532368383,3837.693344838012
2023-05-28,5.078449146,130.410176,1265.10779005254,1230.6808076902998,263.99,34.42698236224,3837.693344838012,3945.0487210402157
2023-05-29,4.676644594,135.6899578,1159.0354063700602,1123.2146144104381,263.99,35.820791959622,3945.0487210402157,4070.8615155800458
2023-05-30,4.390616656,141.848537,1083.52689101744,1046.08029573481,263.99,37.44659528263,4070.8615155800458,4216.586374605786
2023-05-31,4.35967124,147.1208024,1075.3576106476,1036.519190022024,263.99,38.838420625576,4216.586374605786,4374.58205553238
2023-06-01,2.066354167,4.170460428,469.94483654633007,468.84387669794233,263.99,1.10095984838772,4374.58205553238,4384.854641858001
2023-06-02,2.236458333,8.180296275,514.8506353286699,512.6911189150327,263.99,2.15951641363725,4384.854641858001,4403.324174918266
2023-06-03,2.495520833,12.37352632,583.24054470367,579.9740574904532,263.99,3.2664872132168004,4403.324174918266,4428.124253348077
2023-06-04,2.734895833,16.62974067,646.43315095367,642.0430657141967,263.99,4.3900852394733,4428.124253348077,4458.40235144038
2023-06-05,2.9925,20.66711938,714.438075,708.9821621548738,263.99,5.4559128451262,4458.40235144038,4492.71161330394
2023-06-06,3.195104167,24.51536022,767.9235490463301,761.4517391018522,263.99,6.471809944477801,4492.71161330394,4530.896535871649
2023-06-07,3.378229167,28.62858794,816.2667177963301,808.7090568660495,263.99,7.5576609302806,4530.896535871649,4573.239303567365
2023-06-08,3.621458333,32.81209206,880.4767853286701,871.8147211457507,263.99,8.6620641829194,4573.239303567365,4618.677504380594
2023-06-09,3.883541667,37.29719535,949.66416467133,939.8180780708835,263.99,9.846086600446501,4618.677504380594,4667.065484723567
2023-06-10,3.856145833,42.04178597,942.43193845367,931.3333273754497,263.99,11.0986110782203,4667.065484723567,4722.68246219983
2023-06-11,3.5403125,47.49078679,859.0550968750001,846.518004070308,263.99,12.537092804692099,4722.68246219983,4792.62628859336
2023-06-12,3.057083333,52.95406629,731.4874290786701,717.508085118773,263.99,13.9793439598971,4792.62628859336,4886.001921215537
2023-06-13,2.756875,57.38109491,652.23543125,637.0873960047091,263.99,15.1480352452909,4886.001921215537,5002.176452018191
2023-06-14,2.6109375,61.94033475,613.709390625,597.3577616543474,263.99,16.3516289706525,5002.176452018191,5139.102325656484
2023-06-15,2.5203125,66.17336462,589.7852968750001,572.3161903489663,263.99,17.4691065260338,5139.102325656484,5295.965834830217
2023-06-16,2.819479167,69.72547035,668.7623052963299,650.3554783786334,263.99,18.4068269176965,5295.965834830217,5445.856055985548
2023-06-17,2.87125,72.83368523,682.4292875,663.2019229361323,263.99,19.227364563867702,5445.856055985548,5603.740790829515
2023-06-18,2.957604167,76.42456012,705.22592404633,685.0506044202511,263.99,20.1753196260788,5603.740790829515,5768.775696028029
2023-06-19,3.124895833,80.18453039,749.3892509536701,728.2213367760139,263.99,21.1679141776561,5768.775696028029,5936.46228069237
2023-06-20,3.3303125,84.02967922,803.617196875,781.4342018577122,263.99,22.1829950172878,5936.46228069237,6104.983843838507
2023-06-21,3.509270833,87.59326051,850.86040720367,827.7366623616351,263.99,23.1237448420349,6104.983843838507,6275.533361685029
2023-06-22,3.676666667,91.21854557,895.05123342133,870.9704495763058,263.99,24.080783845024303,6275.533361685029,6449.040697632523
2023-06-23,3.76625,95.07928326,918.7003374999999,893.6003575121925,263.99,25.0999799878074,6449.040697632523,6630.18520041874
2023-06-24,3.779270833,98.98213905,922.1377072036701,896.0074123158605,263.99,26.1302948878095,6630.18520041874,6823.541518755377
2023-06-25,3.736041667,102.8639191,910.72563967133,883.570593668121,263.99,27.155046003209,6823.541518755377,7033.2515126986655
2023-06-26,3.6515625,106.66028,888.4239843749999,860.2667370577999,263.99,28.157247317200003,7033.2515126986655,7263.455696768869
2023-06-27,3.581770833,111.1986284,869.9996822036701,840.6443562923541,263.99,29.355325911316,7263.455696768869,7517.095785618643
2023-06-28,3.511354167,115.2787278,851.41038654633,820.977955194408,263.99,30.432431351922002,7517.095785618643,7795.7433424918245
2023-06-29,3.6603125,118.5414451,890.733896875,859.440140783051,263.99,31.293756091949003,7795.7433424918245,8079.600331639551
2023-06-30,3.880625,121.8989239,948.89419375,916.714096829639,263.99,32.180096920361,8079.600331639551,8363.224552810725
2023-07-01,1.942902052,3.736087373,437.35471270747996,436.3684230018817,263.99,0.9862897055982701,8363.224552810725,8382.127300688997
2023-07-02,1.902953351,8.25835415,426.80865513049,424.62853221843153,263.99,2.1801229120585,8382.127300688997,8425.162721989002
2023-07-03,2.129283083,12.96999173,486.55744108116994,483.13349296436724,263.99,3.4239481168027,8425.162721989002,8484.871519776363
2023-07-04,2.426160198,17.24788146,564.93003067002,560.3767624433946,263.99,4.553268226625399,8484.871519776363,8553.814235619078
2023-07-05,2.622974333,21.38817869,616.8869941686701,611.240728876297,263.99,5.6462652923731005,8553.814235619078,8632.82910186461
2023-07-06,2.72513601,26.30736339,643.8566552799,636.9117744185739,263.99,6.9448808613261,8632.82910186461,8726.961400899856
2023-07-07,2.734415167,35.42853262,646.30625993633,636.9534816099762,263.99,9.3527783263538,8726.961400899856,8855.104723452949
2023-07-08,2.824745344,41.41294432,670.15252336256,659.2199201915232,263.99,10.932603171036801,8855.104723452949,9001.959123652747
2023-07-09,2.996038917,45.11169808,715.37231369883,703.4632765226908,263.99,11.9090371761392,9001.959123652747,9154.354663604161
2023-07-10,3.064531469,48.94210986,733.45366250131,720.5334349193686,263.99,12.9202275819414,9154.354663604161,9318.505749296399
2023-07-11,3.143871406,52.85303248,754.3986124699401,740.4459404255449,263.99,13.952672044395202,9318.505749296399,9494.100006169521
2023-07-12,3.19599124,56.72053399,768.1577274476,753.1840736795799,263.99,14.9736537680201,9494.100006169521,9682.847181394336
2023-07-13,3.230147167,60.69711108,777.1745506163301,761.1511202623209,263.99,16.0234303540092,9682.847181394336,9886.6863708921
2023-07-14,3.350160188,64.5424102,808.85678803012,791.818237161422,263.99,17.038550868698003,9886.6863708921,10099.43066086602
2023-07-15,3.582575104,68.17931573,870.21200170496,852.2133441453973,263.99,17.9986575595627,10099.43066086602,10312.729590365607
2023-07-16,3.716469802,71.83741643,905.5588630299801,886.5945034666244,263.99,18.9643595633557,10312.729590365607,10533.32007594458
2023-07-17,3.755543177,75.60998464,915.87384329623,895.9135634511164,263.99,19.9602798451136,10533.32007594458,10767.994518871998
2023-07-18,3.835945469,79.14187062,937.09924436131,916.2065819363362,263.99,20.8926624249738,10767.994518871998,11013.541842927778
2023-07-19,3.877279156,82.85120092,948.0109243924401,926.1390358615693,263.99,21.8718885308708,11013.541842927778,11273.63989537031
2023-07-20,3.70671101,87.61980129,902.9826395299,879.8518881873529,263.99,23.1307513425471,11273.63989537031,11570.016779532549
2023-07-21,3.555131813,91.97965748,862.9672473138701,838.6855375357248,263.99,24.2817097781452,11570.016779532549,11904.993093055677
2023-07-22,3.458492521,97.22604496,837.45544061879,811.7887370097997,263.99,25.6667036089904,11904.993093055677,12281.398819392884
2023-07-23,3.180882844,104.1692931,764.16926198756,736.6696103020911,263.99,27.499651685469,12281.398819392884,12739.859688445344
2023-07-24,3.035963438,108.3269313,725.91198799762,697.314761403733,263.99,28.597226593887,12739.859688445344,13262.327696366749
2023-07-25,3.049827167,112.4300077,729.57187381633,699.891476083607,263.99,29.680397732723,13262.327696366749,13824.745120125815
2023-07-26,3.054776198,116.4925458,730.87836851002,700.125501344278,263.99,30.752867165742003,13824.745120125815,14431.994176849445
2023-07-27,3.295823594,119.6665074,794.5124705800599,762.921709291534,263.99,31.590761288526004,14431.994176849445,15029.588500625632
2023-07-28,3.546611604,122.9714871,860.7179973399601,828.2547544604311,263.99,32.463242879529005,15029.588500625632,15618.669552376476
2023-07-29,3.742358406,126.18238,912.3931955999401,879.08230910374,263.99,33.3108864962,15618.669552376476,16210.504609563905
2023-07-30,3.882361083,129.2851522,949.3525023011701,915.2225149718921,263.99,34.129987329278,16210.504609563905,16815.018056157394
2023-07-31,4.084791478,132.2277821,1002.7921022772199,967.8852900806409,263.99,34.906812196579004,16815.018056157394,17421.452189813324
2023-08-01,2.230099875,2.926093701,513.1720660012501,512.3996065251231,263.99,0.7724594761269901,17421.452189813324,17447.71560934086
2023-08-02,2.549133289,5.851189771,597.39369696311,595.8490413754637,263.99,1.54465558764629,17447.71560934086,17492.94638011699
2023-08-03,2.965003281,8.948389043,707.17921615119,704.8169309277284,263.99,2.36228522346157,17492.94638011699,17551.576255387103
2023-08-04,3.266616385,12.08229188,786.80205947615,783.6124552427489,263.99,3.1896042334012,17551.576255387103,17623.017924738444
2023-08-05,3.49538851,15.24870875,847.1956127549,843.1701061319875,263.99,4.0255066229125,17623.017924738444,17707.15465451078
2023-08-06,3.930378688,18.34167468,962.0286698451199,957.1866511463467,263.99,4.842018698773201,17707.15465451078,17796.7279616986
2023-08-07,4.438639844,21.48164862,1096.2045324175601,1090.5335919983663,263.99,5.6709404191938,17796.7279616986,17889.273651870742
2023-08-08,4.713235365,24.61002473,1168.6950040063502,1162.1982035778776,263.99,6.4968004284727,17889.273651870742,17989.27642279978
2023-08-09,4.841691427,27.79852598,1202.6061198137302,1195.26758694027,263.99,7.338532873460201,17989.27642279978,18099.724407703663
2023-08-10,4.823821583,31.05121769,1197.8886596961702,1189.691448738187,263.99,8.197210957983101,18099.724407703663,18224.435112658855
2023-08-11,4.740714073,34.33892414,1175.9491081312701,1166.8839755475515,263.99,9.0651325837186,18224.435112658855,18366.014673284928
2023-08-12,4.880529938,37.57355071,1212.85909833262,1202.9400566806871,263.99,9.9190416519329,18366.014673284928,18517.454691856597
2023-08-13,4.996130927,40.64114365,1243.3766034187302,1232.6477479065666,263.99,10.7288555121635,18517.454691856597,18678.628957724017
2023-08-14,4.951548479,43.62867598,1231.6072829712102,1220.08974879925,263.99,11.5175341719602,18678.628957724017,18854.95348427436
2023-08-15,4.687966344,46.92269736,1162.0242351525603,1149.637112276494,263.99,12.3871228760664,18854.95348427436,19058.112048953724
2023-08-16,4.559308844,50.32338431,1128.0599417275603,1114.7750715035634,263.99,13.2848702239969,19058.112048953724,19285.229206268028
2023-08-17,4.759386229,53.71004733,1180.8783705937103,1166.6994551990636,263.99,14.178915394646701,19285.229206268028,19519.60287642234
2023-08-18,4.828055521,57.25641489,1199.00637698879,1183.891256021979,263.99,15.1151209668111,19519.60287642234,19768.815933111866
2023-08-19,4.725867271,61.00977959,1172.0297008712903,1155.923729157326,263.99,16.105971713964102,19768.815933111866,20044.26316393338
2023-08-20,4.501745802,64.63102799,1112.8638742699802,1095.8019291909002,263.99,17.0619450790801,20044.26316393338,20356.357994343267
2023-08-21,4.442839302,67.87956671,1097.3131473349802,1079.3936205192072,263.99,17.9195268157729,20356.357994343267,20694.303574173216
2023-08-22,4.391397667,71.27872371,1083.73307011133,1064.916199839127,263.99,18.816870272202898,20694.303574173216,21059.968051610624
2023-08-23,4.539170583,74.62869938,1122.74364220617,1103.042411856844,263.99,19.701230349326202,21059.968051610624,21436.11612830677
2023-08-24,4.723012875,77.94506689,1171.27616887125,1150.699450662959,263.99,20.5767182082911,21436.11612830677,21819.435092088537
2023-08-25,4.715900063,81.25314155,1169.3984576313703,1147.9484407935859,263.99,21.4500168377845,21819.435092088537,22227.14264539354
2023-08-26,4.709241156,84.67675259,1167.6405727724402,1145.2867568562062,263.99,22.353815916234105,22227.14264539354,22660.97413088358
2023-08-27,4.782779969,88.02372031,1187.05408401631,1163.8167020916733,263.99,23.237381924636903,22660.97413088358,23113.43516681583
2023-08-28,4.874127844,91.37661794,1211.1690095375602,1187.0464961675796,263.99,24.122513369980602,23113.43516681583,23583.133827009664
2023-08-29,4.686895875,94.94310397,1161.7416420412503,1136.67761202421,263.99,25.0640300170403,23583.133827009664,24103.14791709404
2023-08-30,4.393289219,98.7121057,1084.23242092381,1058.173412140067,263.99,26.059008783743,24103.14791709404,24696.72183993257
2023-08-31,4.165116337,102.6835891,1023.9970618046299,996.8896211181209,263.99,27.107440686509,24696.72183993257,25368.275548833968
2023-09-01,1.845808406,4.275920289,411.72296109994,410.5941609028469,263.99,1.12880019709311,25368.275548833968,25438.017686365754
2023-09-02,2.04231468,8.376214965,463.5986523732,461.3874153845897,263.99,2.21123698861035,25438.017686365754,25559.931470204283
2023-09-03,2.226710542,12.47571352,512.27731598258,508.9838523704352,263.99,3.2934636121447998,25559.931470204283,25725.321204739055
2023-09-04,2.526711198,16.45642872,591.4744891600201,587.1301565422273,263.99,4.3443326177928006,25725.321204739055,25915.66971736039
2023-09-05,2.660754802,20.5558044,626.86066017998,621.4341333764239,263.99,5.426526803556,25915.66971736039,26141.97218257785
2023-09-06,2.852254198,24.61568353,677.41458573002,670.9162914349353,263.99,6.4982942950847,26141.97218257785,26395.1754970077
2023-09-07,3.162080344,28.3091405,759.20559001256,751.7322600119651,263.99,7.473330000595,26395.1754970077,26657.582563201213
2023-09-08,3.3672085,31.70903795,813.3573719149999,804.9865029865795,263.99,8.3708689284205,26657.582563201213,26934.788614181205
2023-09-09,3.450851844,35.15399031,835.43837829756,826.1580763956231,263.99,9.2803019019369,26934.788614181205,27237.34931914338
2023-09-10,3.517353469,38.3977478,852.99414228131,842.857520839588,263.99,10.136621441722,27237.34931914338,27564.919154255105
2023-09-11,3.621739542,41.8037289,880.55102169258,869.515255300269,263.99,11.035766392311002,27564.919154255105,27914.769265055344
2023-09-12,3.636665688,45.27382786,884.49137497512,872.5395371583586,263.99,11.9518378167614,27914.769265055344,28297.1390955788
2023-09-13,3.627454865,48.86128462,882.05980981135,869.1609192845161,263.99,12.8988905268338,28297.1390955788,28717.086301347008
2023-09-14,3.567897729,52.57035074,866.33732147871,852.4592745868574,263.99,13.8780468918526,28717.086301347008,29184.60079989079
2023-09-15,3.542021604,56.16378365,859.50628323996,844.6796059941965,263.99,14.8266772457635,29184.60079989079,29696.87865475521
2023-09-16,3.62135524,59.54097491,880.4495698076,864.7313478411091,263.99,15.718221966490901,29696.87865475521,30236.67882688122
2023-09-17,3.802443865,62.57455631,928.25515592135,911.7360988010731,263.99,16.519057120276898,30236.67882688122,30784.514352232833
2023-09-18,3.892145375,65.51398008,951.93545754625,934.6404219449307,263.99,17.2950356013192,30784.514352232833,31354.16580234159
2023-09-19,3.903544188,68.20648607,954.9446301901199,936.9387999325006,263.99,18.005830257619298,31354.16580234159,31956.72147337036
2023-09-20,3.640155323,71.3537139,885.41260371877,866.5759367863091,263.99,18.836666932461,31956.72147337036,32651.361254022075
2023-09-21,3.146398521,74.32786054,755.06574555879,735.4439336548354,263.99,19.6218119039546,32651.361254022075,33522.507020023026
2023-09-22,3.046897188,77.88398972,728.79838866012,708.2377942139373,263.99,20.5605944461828,33522.507020023026,34495.68675893118
2023-09-23,3.138629344,81.10690935,753.01476052256,731.6033475232534,263.99,21.4114129993065,34495.68675893118,35505.25211752423
2023-09-24,3.238646771,84.41788034,779.41836107629,757.1328848453334,263.99,22.2854762309566,35505.25211752423,36550.31496973523
2023-09-25,3.175210656,88.65729643,762.67186107744,739.2672213928843,263.99,23.404639684555704,36550.31496973523,37707.470227629514
2023-09-26,3.027707583,94.85363365,723.7325248361701,698.6921140889066,263.99,25.040410747263504,37707.470227629514,39058.8673934202
2023-09-27,3.024923375,99.47197875,722.9975217662501,696.7379140960376,263.99,26.259607670212503,39058.8673934202,40530.97119750958
2023-09-28,3.027559896,103.8428861,723.69353694504,696.2800534435011,263.99,27.413483501539,40530.97119750958,42126.730123432106
2023-09-29,3.057442885,108.0928568,731.58234721115,703.046913944518,263.99,28.535433266632005,42126.730123432106,43836.57973991656
2023-09-30,3.060518924,112.6362965,732.39439074676,702.659534833725,263.99,29.734855913035002,43836.57973991656,45691.63801162298
2023-10-01,1.813597383,5.113707946,403.21957313817,401.8696053775055,263.99,1.34996776066454,45691.63801162298,45845.12620137971
2023-10-02,1.870466072,10.00688124,418.23233834727995,415.5906217687324,263.99,2.6417165785476,45845.12620137971,46136.54237775143
2023-10-03,1.971372222,14.35233903,444.87055288578006,441.0816789052504,263.99,3.7888739805297,46136.54237775143,46532.853431523894
2023-10-04,2.151883322,18.48534427,492.52367817478,487.6437321409427,263.99,4.8799460338373,46532.853431523894,46998.516780767284
2023-10-05,2.343623106,22.38607522,543.14106375294,537.2313637556122,263.99,5.9096999973278,46998.516780767284,47515.5140248449
2023-10-06,2.553832909,26.21145373,598.63434964691,591.7147879767273,263.99,6.9195616701827,47515.5140248449,48071.16437576748
2023-10-07,2.709715069,30.03498398,639.78568106531,631.8567456444298,263.99,7.928935420880201,48071.16437576748,48674.39154801716
2023-10-08,2.822238034,33.83463399,669.4906185956601,660.55861356864,263.99,8.9320050270201,48674.39154801716,49332.56161962559
2023-10-09,2.996427218,37.26722562,715.47482127982,705.6366463883962,263.99,9.8381748914238,49332.56161962559,50020.369390862965
2023-10-10,3.035874207,40.70486882,725.88843190593,715.1427535861383,263.99,10.745678319791802,50020.369390862965,50771.97149577981
2023-10-11,2.883588889,45.06246944,685.68663080711,673.7905894996444,263.99,11.8960413074656,50771.97149577981,51668.370880971255
2023-10-12,2.880850628,49.4307639,684.96375728572,671.914529923759,263.99,13.049227361961,51668.370880971255,52671.82041066728
2023-10-13,2.892309673,53.78696933,687.9888305752701,673.7896085418433,263.99,14.1992220334267,52671.82041066728,53781.80914221566
2023-10-14,2.962529585,57.94811082,706.52618514415,691.2284633687782,263.99,15.2977217753718,53781.80914221566,54972.065615197185
2023-10-15,3.052357797,61.80924497,730.23993483003,713.9229122503998,263.99,16.3170225796303,54972.065615197185,56228.47638518446
2023-10-16,3.109100008,65.81725705,745.21931111192,727.8442134232905,263.99,17.3750976886295,56228.47638518446,57570.76262179592
2023-10-17,3.102407207,69.72137321,743.4524785759301,725.0467332622221,263.99,18.4057453137079,57570.76262179592,59032.23089097227
2023-10-18,2.948763547,74.47867641,702.89208877253,683.2304629870541,263.99,19.661625785475902,59032.23089097227,60731.02755759879
2023-10-19,2.889635244,79.4315581,687.28280806356,666.3136710407409,263.99,20.969137022819,60731.02755759879,62642.25539778823
2023-10-20,2.865794871,84.82960763,680.98918799529,658.5950198770463,263.99,22.394168118243698,62642.25539778823,64772.27636112002
2023-10-21,2.77766622,90.55717938,657.7241054178,633.8179156332739,263.99,23.906189784526198,64772.27636112002,67215.341306543
2023-10-22,2.764443367,95.58731618,654.2334044543301,628.9993088559719,263.99,25.234095598358202,67215.341306543,69911.87582466591
2023-10-23,2.728824742,100.5071817,644.83044364058,618.2975527435971,263.99,26.532890896983,69911.87582466591,72911.99148973393
2023-10-24,2.679820447,105.3727247,631.89379980353,604.076454209977,263.99,27.817345593553004,72911.99148973393,76269.54342053493
2023-10-25,2.7005462,110.0615285,637.3651913379999,608.310048429285,263.99,29.055142908715,76269.54342053493,79912.45954429134
2023-10-26,2.73152312,114.5241712,645.5427884487999,615.3095524937119,263.99,30.233235955088,79912.45954429134,83838.95838599213
2023-10-27,2.71656521,119.1765062,641.5940497879001,610.1326439161621,263.99,31.461405871738002,83838.95838599213,88162.10274475862
2023-10-28,2.67278212,124.5449351,630.0357518588,597.157134441751,263.99,32.87861741704901,88162.10274475862,93016.18198059873
2023-10-29,2.616009796,130.8041662,615.04842604604,580.517434210902,263.99,34.530991835138,93016.18198059873,98549.07527754814
2023-10-30,2.545894829,135.8440998,596.5387759077099,560.6772920015079,263.99,35.861483906202004,98549.07527754814,104852.37331985119
2023-10-31,2.565364,140.8571603,601.6784423600001,564.493560612403,263.99,37.184881747597,104852.37331985119,111759.31323006688
2023-11-01,1.605524349,5.587135235,348.29037289251,346.81542506182234,263.99,1.47494783068765,111759.31323006688,112234.60684360338
2023-11-02,1.77,11.30525112,391.7103,388.7258267568312,263.99,2.9844732431687997,112234.60684360338,113096.29690386233
2023-11-03,1.88,16.06665149,420.7492,416.5077646731549,263.99,4.2414353268451,113096.29690386233,114247.99363009223
2023-11-04,1.86,20.99846266,415.4694,409.9260158423866,263.99,5.543384157613401,114247.99363009223,115792.95660744
2023-11-05,1.82,27.59560765,404.9098,397.6248355364765,263.99,7.284964463523501,115792.95660744,117914.42261917291
2023-11-06,1.75,33.26498418,386.4305,377.6488768263218,263.99,8.781623173678199,117914.42261917291,120656.3347225144
2023-11-07,1.74,39.52737,383.7906,373.35576959369996,263.99,10.4348304063,120656.3347225144,124028.52953724921
2023-11-08,1.8,44.9724952,399.63,387.757710992152,263.99,11.872289007848,124028.52953724921,127826.01055733507
2023-11-09,1.83,50.15916024,407.54970000000003,394.30818328824245,263.99,13.2415167117576,127826.01055733507,132118.61803222215
2023-11-10,1.83,55.06130634,407.54970000000003,393.0140657393034,263.99,14.5356342606966,132118.61803222215,137005.02815887376
2023-11-11,1.74,60.10525627,383.7906,367.9234133972827,263.99,15.8671866027173,137005.02815887376,142913.55223793266
2023-11-12,1.78,64.98679575,394.35020000000003,377.1943357899575,263.99,17.1558642100425,142913.55223793266,149413.664417067
2023-11-13,1.8,69.89081563,399.63,381.1795235818363,263.99,18.450476418163703,149413.664417067,156645.82963405998
2023-11-14,1.83,74.76029235,407.54970000000003,387.8137304225235,263.99,19.735969577476503,156645.82963405998,164617.58794372095
2023-11-15,1.8,79.58214439,399.63,378.6211097024839,263.99,21.0088902975161,164617.58794372095,173751.8722124162
2023-11-16,1.78,84.36533011,394.35020000000003,372.0785965042611,263.99,22.2716034957389,173751.8722124162,184152.18236439483
2023-11-17,1.78,89.07064099,394.35020000000003,370.83644148504993,263.99,23.5137585149501,184152.18236439483,195828.785474858
2023-11-18,1.8,93.48240482,399.63,374.9515799515682,263.99,24.6784200484318,195828.785474858,208717.7697702356
2023-11-19,1.81,97.75199542,402.2699,376.4643507290742,263.99,25.8055492709258,208717.7697702356,223024.77302590295
2023-11-20,1.77,102.1034912,391.7103,364.75599935811204,263.99,26.954300641888,223024.77302590295,239505.58977273604
2023-11-21,1.77,106.0958026,391.7103,363.702069071626,263.99,28.008230928374,239505.58977273604,257949.60875814944
2023-11-22,1.79,110.3760715,396.9901,367.851920884715,263.99,29.138179115285,257949.60875814944,278382.2379656729
2023-11-23,1.76,115.8277445,389.0704,358.493033729445,263.99,30.577366270554997,278382.2379656729,302126.62029003724
2023-11-24,1.62,119.8057471,352.1118,320.484280823071,263.99,31.627519176929002,302126.62029003724,331942.4834972539
2023-11-25,1.6,123.8664411,346.832,314.132498214011,263.99,32.699501785989,331942.4834972539,366495.9088629073
2023-11-26,1.67,127.091452,365.31129999999996,331.76042758651994,263.99,33.55087241348,366495.9088629073,403559.57425475115
2023-11-27,1.73,130.42158,381.1507,346.7207070958,263.99,34.4299929042,403559.57425475115,443633.76940276095
2023-11-28,1.73,133.9208311,381.1507,345.79693979791097,263.99,35.353760202089,443633.76940276095,488990.22024405556
2023-11-29,1.72,137.3969052,378.51079999999996,342.239390996252,263.99,36.271409003748,488990.22024405556,540814.6587625871
2023-11-30,1.71,140.8800817,375.8709,338.679967232017,263.99,37.190932767983,540814.6587625871,600202.2918085065
2023-12-01,1.660144036,3.61064846,362.70942406364,361.75624897668456,263.99,0.9531750869554001,600202.2918085065,601783.7375286667
2023-12-02,1.62,7.461373299,352.1118,350.142072062797,263.99,1.96972793720301,601783.7375286667,605169.0783218521
2023-12-03,1.71,11.38078835,375.8709,372.8664856834835,263.99,3.0044143165165003,605169.0783218521,610045.2973241861
2023-12-04,1.67,15.63380585,365.31129999999996,361.18413159365844,263.99,4.1271684063415,610045.2973241861,617016.1453136712
2023-12-05,1.56,19.74197335,336.2724,331.0607164553335,263.99,5.2116835446665,617016.1453136712,626729.447833388
2023-12-06,1.58,23.61513865,341.5522,335.31803954778655,263.99,6.2341604522135,626729.447833388,638381.4661476717
2023-12-07,1.61,27.31029854,349.4719,342.2622542884254,263.99,7.209645711574601,638381.4661476717,651828.7690333755
2023-12-08,1.61,31.57904141,349.4719,341.1353488581741,263.99,8.336551141825899,651828.7690333755,667757.9416827315
2023-12-09,1.6,36.54455309,346.832,337.1846034297709,263.99,9.6473965702291,667757.9416827315,686863.57583923
2023-12-10,1.63,40.68218244,354.75169999999997,344.01201065766435,263.99,10.7396893423356,686863.57583923,708306.7266495075
2023-12-11,1.64,45.14049098,357.3916,345.4749617861898,263.99,11.916638213810202,708306.7266495075,732738.6998444684
2023-12-12,1.62,52.53562431,352.1118,338.2429205384031,263.99,13.868879461596903,732738.6998444684,762782.9789348163
2023-12-13,1.64,56.45325619,357.3916,342.48850489840186,263.99,14.9030951015981,762782.9789348163,795974.8295060293
2023-12-14,1.64,60.43041463,357.3916,341.43857484182627,263.99,15.953025158173702,795974.8295060293,833165.1396116323
2023-12-15,1.73,64.16990592,381.1507,364.2104865361792,263.99,16.9402134638208,833165.1396116323,871917.4431212487
2023-12-16,1.8,67.98565799,399.63,381.6824661472199,263.99,17.947533852780104,871917.4431212487,912916.884319609
2023-12-17,1.76,72.05148332,389.0704,370.0495289183532,263.99,19.020871081646803,912916.884319609,959841.614681131
2023-12-18,1.65,76.49342497,360.0315,339.8380007421697,263.99,20.193499257830304,959841.614681131,1016876.32207515
2023-12-19,1.58,80.71533676,341.5522,320.2441582487276,263.99,21.308041751272402,1016876.32207515,1084536.082818791
2023-12-20,1.62,84.71752713,352.1118,329.7472200129513,263.99,22.3645799870487,1084536.082818791,1158093.015223221
2023-12-21,1.65,88.65445757,360.0315,336.6276097460957,263.99,23.4038902539043,1158093.015223221,1238608.9356271971
2023-12-22,1.71,92.48779021,375.8709,351.4550482624621,263.99,24.415851737537903,1238608.9356271971,1324656.0482880434
2023-12-23,1.74,96.28208191,383.7906,358.3730931965791,263.99,25.4175068034209,1324656.0482880434,1418606.8910235642
2023-12-24,1.74,100.1056305,383.7906,357.36371460430496,263.99,26.426885395695,1418606.8910235642,1523512.2303139102
2023-12-25,1.73,103.7585218,381.1507,353.759487830018,263.99,27.391212169982,1523512.2303139102,1641476.1243710571
2023-12-26,1.72,107.6073687,378.51079999999996,350.10353073688697,263.99,28.407269263113,1641476.1243710571,1774664.8818675461
2023-12-27,1.74,111.2004144,383.7906,354.434802602544,263.99,29.355797397456,1774664.8818675461,1921650.1732044807
2023-12-28,1.69,114.7201983,370.5911,340.306114850783,263.99,30.284985149217,1921650.1732044807,2092664.2820253174
2023-12-29,1.71,118.4299749,375.8709,344.606570926149,263.99,31.264329073851005,2092664.2820253174,2282520.629159089
2023-12-30,1.77,122.0904677,391.7103,359.479637431877,263.99,32.230662568123,2282520.629159089,2487169.6399591733
2023-12-31,1.76,125.9949862,389.0704,355.808983593062,263.99,33.261416406938,2487169.6399591733,2719673.002392513
